date,sj_farmington_q_cfs,proxy_sum_q_cfs
2018-01-01,624.0,605.0
2018-01-02,630.0,613.0
2018-01-03,600.0,591.0
2018-01-04,591.0,584.0
2018-01-05,588.0,587.0
2018-01-06,601.0,588.0
2018-01-07,650.0,617.0
2018-01-08,647.0,617.0
2018-01-09,642.0,613.0
2018-01-10,652.0,616.0
2018-01-11,660.0,622.0
2018-01-12,627.0,600.0
2018-01-13,604.0,590.0
2018-01-14,606.0,587.0
2018-01-15,602.0,584.0
2018-01-16,598.0,583.0
2018-01-17,590.0,542.0
2018-01-18,517.0,516.0
2018-01-19,532.0,529.0
2018-01-20,578.0,540.0
2018-01-21,640.0,581.0
2018-01-22,593.0,556.0
2018-01-23,556.0,531.0
2018-01-24,547.0,530.0
2018-01-25,547.0,526.0
2018-01-26,561.0,532.0
2018-01-27,555.0,529.0
2018-01-28,562.0,533.0
2018-01-29,556.0,531.0
2018-01-30,574.0,546.0
2018-01-31,581.0,547.0
2018-02-01,589.0,545.0
2018-02-02,533.0,512.0
2018-02-03,525.0,505.0
2018-02-04,518.0,499.0
2018-02-05,516.0,499.0
2018-02-06,523.0,501.0
2018-02-07,511.0,499.0
2018-02-08,488.0,497.0
2018-02-09,542.0,495.0
2018-02-10,545.0,498.0
2018-02-11,520.0,501.0
2018-02-12,518.0,501.0
2018-02-13,519.0,492.0
2018-02-14,492.0,479.0
2018-02-15,518.0,493.0
2018-02-16,531.0,491.0
2018-02-17,501.0,470.0
2018-02-18,458.0,458.0
2018-02-19,451.0,464.0
2018-02-20,495.0,478.0
2018-02-21,472.0,472.0
2018-02-22,443.0,458.0
2018-02-23,448.0,459.0
2018-02-24,452.0,479.0
2018-02-25,461.0,472.0
2018-02-26,450.0,470.0
2018-02-27,423.0,463.0
2018-02-28,408.0,461.0
2018-03-01,434.0,496.0
2018-03-02,453.0,495.0
2018-03-03,482.0,498.0
2018-03-04,483.0,492.0
2018-03-05,485.0,488.0
2018-03-06,477.0,488.0
2018-03-07,477.0,493.0
2018-03-08,474.0,488.0
2018-03-09,506.0,503.0
2018-03-10,488.0,505.0
2018-03-11,500.0,506.0
2018-03-12,517.0,509.0
2018-03-13,483.0,508.0
2018-03-14,482.0,515.0
2018-03-15,477.0,511.0
2018-03-16,471.0,506.0
2018-03-17,468.0,500.0
2018-03-18,469.0,502.0
2018-03-19,429.0,498.0
2018-03-20,417.0,486.0
2018-03-21,409.0,486.0
2018-03-22,405.0,476.0
2018-03-23,400.0,468.0
2018-03-24,390.0,457.0
2018-03-25,398.0,468.0
2018-03-26,397.0,491.0
2018-03-27,484.0,560.0
2018-03-28,513.0,545.0
2018-03-29,504.0,534.0
2018-03-30,480.0,520.0
2018-03-31,486.0,518.0
2018-04-01,483.0,505.4
2018-04-02,459.0,510.7
2018-04-03,544.0,585.2
2018-04-04,617.0,570.2
2018-04-05,618.0,569.2
2018-04-06,641.0,650.9
2018-04-07,719.0,667.13
2018-04-08,786.0,686.0
2018-04-09,769.0,675.8
2018-04-10,800.0,764.0
2018-04-11,793.0,756.3
2018-04-12,772.0,717.0
2018-04-13,876.0,856.0
2018-04-14,915.0,859.0
2018-04-15,855.0,748.3
2018-04-16,810.0,686.6
2018-04-17,750.0,669.87
2018-04-18,725.0,667.8
2018-04-19,704.0,668.01
2018-04-20,682.0,668.84
2018-04-21,669.0,670.02
2018-04-22,671.0,669.09
2018-04-23,660.0,669.02
2018-04-24,658.0,669.16
2018-04-25,644.0,670.0
2018-04-26,639.0,672.5
2018-04-27,658.0,726.8
2018-04-28,834.0,991.0
2018-04-29,1100.0,1195.0
2018-04-30,1130.0,1199.0
2018-05-01,1260.0,1206.0
2018-05-02,1100.0,1093.0
2018-05-03,1110.0,1076.0
2018-05-04,957.0,977.0
2018-05-05,779.0,883.0
2018-05-06,701.0,831.0
2018-05-07,654.0,810.0
2018-05-08,654.0,861.0
2018-05-09,1040.0,1216.0
2018-05-10,1310.0,1487.0
2018-05-11,1520.0,1600.0
2018-05-12,1650.0,1599.0
2018-05-13,1490.0,1445.0
2018-05-14,1440.0,1388.0
2018-05-15,1180.0,1265.0
2018-05-16,1100.0,1241.0
2018-05-17,1130.0,1290.0
2018-05-18,1130.0,1299.0
2018-05-19,1000.0,1202.0
2018-05-20,792.0,1169.0
2018-05-21,899.0,1087.0
2018-05-22,856.0,1030.0
2018-05-23,967.0,1080.0
2018-05-24,780.0,958.0
2018-05-25,777.0,964.0
2018-05-26,1000.0,1135.0
2018-05-27,1140.0,1324.0
2018-05-28,1090.0,1232.0
2018-05-29,1070.0,1212.0
2018-05-30,910.0,1105.0
2018-05-31,963.0,1182.0
2018-06-01,909.0,1138.0
2018-06-02,957.0,1183.0
2018-06-03,895.0,1141.0
2018-06-04,905.0,1159.0
2018-06-05,763.0,1053.0
2018-06-06,1260.0,1805.0
2018-06-07,946.0,1122.0
2018-06-08,647.0,1069.0
2018-06-09,770.0,1020.0
2018-06-10,767.0,990.0
2018-06-11,745.0,967.0
2018-06-12,721.0,947.0
2018-06-13,682.0,926.0
2018-06-14,610.0,892.0
2018-06-15,560.0,865.0
2018-06-16,722.0,787.0
2018-06-17,873.0,942.0
2018-06-18,1200.0,1134.0
2018-06-19,1020.0,1060.0
2018-06-20,846.0,1048.0
2018-06-21,828.0,943.0
2018-06-22,702.0,879.0
2018-06-23,612.0,828.0
2018-06-24,593.0,897.0
2018-06-25,652.0,894.0
2018-06-26,832.0,1099.0
2018-06-27,1100.0,1064.9
2018-06-28,1020.0,1016.6
2018-06-29,968.0,998.9
2018-06-30,996.0,992.5
2018-07-01,987.0,984.69
2018-07-02,1010.0,987.51
2018-07-03,1060.0,1095.52
2018-07-04,1150.0,1088.11
2018-07-05,1140.0,1089.95
2018-07-06,1110.0,1101.7
2018-07-07,1090.0,1033.0
2018-07-08,922.0,1020.0
2018-07-09,976.0,1072.7
2018-07-10,961.0,1088.5
2018-07-11,871.0,962.8
2018-07-12,829.0,957.5
2018-07-13,910.0,1002.0
2018-07-14,906.0,996.0
2018-07-15,900.0,982.1
2018-07-16,926.0,937.8
2018-07-17,985.0,924.0
2018-07-18,901.0,932.0
2018-07-19,1060.0,1061.0
2018-07-20,988.0,983.0
2018-07-21,909.0,907.0
2018-07-22,822.0,818.0
2018-07-23,780.0,786.0
2018-07-24,715.0,720.1
2018-07-25,744.0,875.0
2018-07-26,839.0,936.0
2018-07-27,889.0,988.0
2018-07-28,1270.0,1080.0
2018-07-29,876.0,1048.0
2018-07-30,812.0,1028.0
2018-07-31,782.0,996.0
2018-08-01,740.0,942.3
2018-08-02,708.0,905.4
2018-08-03,696.0,890.4
2018-08-04,700.0,897.1
2018-08-05,714.0,890.3
2018-08-06,692.0,886.0
2018-08-07,667.0,877.2
2018-08-08,662.0,871.82
2018-08-09,670.0,874.76
2018-08-10,678.0,878.3
2018-08-11,678.0,868.54
2018-08-12,695.0,865.43
2018-08-13,699.0,863.54
2018-08-14,692.0,860.62
2018-08-15,707.0,887.9
2018-08-16,765.0,901.3
2018-08-17,815.0,914.0
2018-08-18,823.0,911.9
2018-08-19,821.0,903.1
2018-08-20,821.0,896.8
2018-08-21,871.0,896.72
2018-08-22,1220.0,901.2
2018-08-23,1010.0,899.1
2018-08-24,876.0,879.0
2018-08-25,876.0,846.3
2018-08-26,871.0,869.9
2018-08-27,838.0,861.4
2018-08-28,722.0,790.1
2018-08-29,652.0,775.3
2018-08-30,624.0,758.8
2018-08-31,592.0,731.3
2018-09-01,573.0,722.6
2018-09-02,829.0,977.0
2018-09-03,675.0,836.0
2018-09-04,640.0,781.9
2018-09-05,605.0,757.7
2018-09-06,630.0,759.7
2018-09-07,637.0,753.0
2018-09-08,653.0,779.7
2018-09-09,661.0,801.2
2018-09-10,658.0,785.4
2018-09-11,656.0,757.8
2018-09-12,649.0,745.0
2018-09-13,636.0,767.71
2018-09-14,704.0,798.64
2018-09-15,709.0,793.58
2018-09-16,691.0,791.48
2018-09-17,685.0,786.81
2018-09-18,672.0,783.18
2018-09-19,665.0,786.18
2018-09-20,715.0,847.89
2018-09-21,774.0,845.24
2018-09-22,789.0,869.9
2018-09-23,800.0,883.0
2018-09-24,787.0,858.3
2018-09-25,786.0,853.09
2018-09-26,785.0,830.57
2018-09-27,719.0,797.0
2018-09-28,708.0,786.8
2018-09-29,674.0,780.8
2018-09-30,677.0,779.3
2018-10-01,707.0,774.5
2018-10-02,623.0,539.3
2018-10-03,513.0,538.5
2018-10-04,434.0,565.4
2018-10-05,490.0,694.2
2018-10-06,627.0,706.2
2018-10-07,636.0,702.7
2018-10-08,672.0,734.0
2018-10-09,716.0,781.0
2018-10-10,731.0,779.0
2018-10-11,681.0,757.0
2018-10-12,737.0,778.0
2018-10-13,723.0,776.0
2018-10-14,741.0,782.0
2018-10-15,735.0,768.0
2018-10-16,724.0,705.0
2018-10-17,663.0,695.0
2018-10-18,662.0,703.0
2018-10-19,667.0,669.0
2018-10-20,562.0,600.0
2018-10-21,489.0,594.0
2018-10-22,469.0,596.0
2018-10-23,529.0,663.0
2018-10-24,699.0,784.0
2018-10-25,696.0,786.0
2018-10-26,678.0,765.0
2018-10-27,659.0,744.0
2018-10-28,647.0,720.0
2018-10-29,649.0,707.0
2018-10-30,655.0,698.0
2018-10-31,702.0,714.0
2018-11-01,712.0,695.0
2018-11-02,646.0,617.0
2018-11-03,581.0,609.0
2018-11-04,576.0,599.0
2018-11-05,622.0,603.0
2018-11-06,640.0,609.0
2018-11-07,633.0,607.0
2018-11-08,637.0,594.0
2018-11-09,644.0,569.0
2018-11-10,576.0,507.0
2018-11-11,547.0,501.0
2018-11-12,584.0,517.0
2018-11-13,592.0,516.0
2018-11-14,563.0,509.0
2018-11-15,555.0,519.0
2018-11-16,566.0,530.0
2018-11-17,552.0,528.0
2018-11-18,544.0,527.0
2018-11-19,559.0,535.0
2018-11-20,543.0,527.0
2018-11-21,522.0,515.0
2018-11-22,526.0,515.0
2018-11-23,539.0,519.0
2018-11-24,544.0,523.0
2018-11-25,551.0,524.0
2018-11-26,520.0,509.0
2018-11-27,488.0,490.0
2018-11-28,491.0,490.0
2018-11-29,487.0,499.0
2018-11-30,525.0,519.0
2018-12-01,535.0,516.0
2018-12-02,520.0,506.0
2018-12-03,481.0,491.0
2018-12-04,440.0,473.0
2018-12-05,478.0,484.0
2018-12-06,478.0,493.0
2018-12-07,561.0,518.0
2018-12-08,560.0,522.0
2018-12-09,496.0,508.0
2018-12-10,491.0,499.0
2018-12-11,469.0,481.0
2018-12-12,436.0,467.0
2018-12-13,484.0,505.0
2018-12-14,456.0,490.0
2018-12-15,448.0,472.0
2018-12-16,464.0,479.0
2018-12-17,478.0,490.0
2018-12-18,488.0,497.0
2018-12-19,464.0,485.0
2018-12-20,467.0,492.0
2018-12-21,457.0,486.0
2018-12-22,455.0,484.0
2018-12-23,439.0,480.0
2018-12-24,453.0,484.0
2018-12-25,437.0,475.0
2018-12-26,484.0,503.0
2018-12-27,492.0,521.0
2018-12-28,566.0,563.0
2018-12-29,593.0,552.0
2018-12-30,559.0,529.0
2018-12-31,508.0,525.0
2019-01-01,496.0,525.0
2019-01-02,494.0,517.0
2019-01-03,482.0,496.0
2019-01-04,524.0,517.0
2019-01-05,573.0,519.0
2019-01-06,683.0,587.0
2019-01-07,673.0,582.0
2019-01-08,610.0,541.0
2019-01-09,622.0,510.0
2019-01-10,546.0,470.0
2019-01-11,517.0,473.0
2019-01-12,508.0,476.0
2019-01-13,480.0,473.0
2019-01-14,460.0,481.0
2019-01-15,477.0,484.0
2019-01-16,581.0,517.0
2019-01-17,538.0,515.0
2019-01-18,586.0,515.0
2019-01-19,493.0,494.0
2019-01-20,428.0,448.0
2019-01-21,416.0,450.0
2019-01-22,451.0,477.0
2019-01-23,425.0,468.0
2019-01-24,402.0,450.0
2019-01-25,387.0,440.0
2019-01-26,414.0,446.0
2019-01-27,466.0,472.0
2019-01-28,499.0,474.0
2019-01-29,511.0,474.0
2019-01-30,514.0,466.0
2019-01-31,501.0,455.0
2019-02-01,541.0,472.0
2019-02-02,587.0,494.0
2019-02-03,594.0,498.0
2019-02-04,647.0,523.0
2019-02-05,643.0,526.0
2019-02-06,672.0,522.0
2019-02-07,633.0,508.0
2019-02-08,577.0,492.0
2019-02-09,558.0,480.0
2019-02-10,553.0,478.0
2019-02-11,599.0,506.0
2019-02-12,586.0,499.0
2019-02-13,534.0,477.0
2019-02-14,599.0,511.0
2019-02-15,1610.0,602.0
2019-02-16,1660.0,548.0
2019-02-17,657.0,503.0
2019-02-18,588.0,516.0
2019-02-19,604.0,525.0
2019-02-20,563.0,527.0
2019-02-21,557.0,520.0
2019-02-22,635.0,531.0
2019-02-23,622.0,528.0
2019-02-24,595.0,519.0
2019-02-25,560.0,506.0
2019-02-26,561.0,507.0
2019-02-27,630.0,530.0
2019-02-28,640.0,543.0
2019-03-01,991.0,556.0
2019-03-02,1120.0,582.0
2019-03-03,1530.0,649.0
2019-03-04,1670.0,706.0
2019-03-05,1040.0,691.0
2019-03-06,804.0,621.0
2019-03-07,733.0,613.0
2019-03-08,688.0,667.0
2019-03-09,749.0,690.0
2019-03-10,644.0,635.0
2019-03-11,666.0,659.0
2019-03-12,1790.0,1186.0
2019-03-13,3220.0,1928.0
2019-03-14,1590.0,1138.0
2019-03-15,778.0,862.0
2019-03-16,700.0,783.0
2019-03-17,731.0,786.0
2019-03-18,729.0,816.0
2019-03-19,745.0,835.0
2019-03-20,734.0,845.0
2019-03-21,730.0,840.0
2019-03-22,772.0,866.0
2019-03-23,733.0,828.0
2019-03-24,687.0,791.0
2019-03-25,694.0,798.0
2019-03-26,729.0,844.0
2019-03-27,814.0,935.0
2019-03-28,941.0,1056.0
2019-03-29,1200.0,1238.0
2019-03-30,1200.0,1246.0
2019-03-31,968.0,1104.0
2019-04-01,891.0,1030.0
2019-04-02,792.0,954.0
2019-04-03,791.0,951.0
2019-04-04,872.0,1017.0
2019-04-05,922.0,1002.0
2019-04-06,1110.0,1162.0
2019-04-07,1150.0,1296.0
2019-04-08,1260.0,1449.0
2019-04-09,1690.0,1773.0
2019-04-10,1970.0,1934.0
2019-04-11,1860.0,1794.0
2019-04-12,1320.0,1464.0
2019-04-13,1060.0,1273.0
2019-04-14,974.0,1173.0
2019-04-15,1020.0,1173.0
2019-04-16,1140.0,1315.0
2019-04-17,1200.0,1437.0
2019-04-18,1160.0,1516.0
2019-04-19,1630.0,1837.0
2019-04-20,2140.0,2276.0
2019-04-21,2080.0,2299.0
2019-04-22,1980.0,2199.0
2019-04-23,2030.0,2219.0
2019-04-24,2110.0,2215.0
2019-04-25,2420.0,2357.0
2019-04-26,3120.0,2886.0
2019-04-27,3310.0,3174.0
2019-04-28,3190.0,3235.0
2019-04-29,3090.0,3185.0
2019-04-30,3340.0,3349.0
2019-05-01,3290.0,3262.0
2019-05-02,2680.0,2732.0
2019-05-03,2340.0,2372.0
2019-05-04,2230.0,2233.0
2019-05-05,2180.0,2269.0
2019-05-06,2020.0,2308.0
2019-05-07,2170.0,2467.0
2019-05-08,2430.0,2688.0
2019-05-09,2250.0,2604.0
2019-05-10,1700.0,2303.0
2019-05-11,1510.0,2224.0
2019-05-12,1870.0,2402.0
2019-05-13,1740.0,2370.0
2019-05-14,1990.0,2527.0
2019-05-15,2870.0,3035.0
2019-05-16,3430.0,3475.0
2019-05-17,4170.0,4189.0
2019-05-18,3970.0,4002.0
2019-05-19,2920.0,3013.0
2019-05-20,2550.0,2526.0
2019-05-21,2560.0,2273.0
2019-05-22,2360.0,1997.0
2019-05-23,1960.0,1783.0
2019-05-24,1640.0,1612.0
2019-05-25,1390.0,1500.0
2019-05-26,1630.0,1598.0
2019-05-27,2040.0,1749.0
2019-05-28,1910.0,1690.0
2019-05-29,1640.0,1592.0
2019-05-30,1420.0,1522.0
2019-05-31,1320.0,1473.0
2019-06-01,1500.0,1589.0
2019-06-02,2240.0,2228.0
2019-06-03,3700.0,4280.0
2019-06-04,5670.0,6610.0
2019-06-05,6970.0,7670.0
2019-06-06,7330.0,8190.0
2019-06-07,9070.0,9570.0
2019-06-08,9500.0,10490.0
2019-06-09,10200.0,10740.0
2019-06-10,10500.0,11010.0
2019-06-11,10700.0,11000.0
2019-06-12,10600.0,11080.0
2019-06-13,10600.0,10590.0
2019-06-14,9610.0,9650.0
2019-06-15,8400.0,8270.0
2019-06-16,6650.0,6607.0
2019-06-17,5410.0,5341.0
2019-06-18,5180.0,5101.0
2019-06-19,4740.0,4609.0
2019-06-20,4990.0,4956.0
2019-06-21,5540.0,5750.0
2019-06-22,5600.0,5897.0
2019-06-23,4880.0,4793.0
2019-06-24,3830.0,3641.0
2019-06-25,3730.0,3577.0
2019-06-26,4300.0,4155.0
2019-06-27,4820.0,4744.0
2019-06-28,5480.0,5675.0
2019-06-29,6160.0,6613.0
2019-06-30,6490.0,6975.0
2019-07-01,6530.0,6996.0
2019-07-02,6500.0,7062.0
2019-07-03,6060.0,6308.0
2019-07-04,5760.0,5909.0
2019-07-05,5250.0,5344.0
2019-07-06,4730.0,4671.0
2019-07-07,4350.0,4240.0
2019-07-08,4500.0,4468.0
2019-07-09,4770.0,4754.0
2019-07-10,4190.0,4308.0
2019-07-11,3970.0,4010.0
2019-07-12,3740.0,3770.0
2019-07-13,3270.0,3213.0
2019-07-14,3120.0,3350.0
2019-07-15,3380.0,3460.0
2019-07-16,3390.0,3430.0
2019-07-17,3330.0,3360.0
2019-07-18,3390.0,3350.0
2019-07-19,3190.0,3120.0
2019-07-20,3060.0,2990.0
2019-07-21,2910.0,2830.0
2019-07-22,2700.0,2660.0
2019-07-23,2580.0,2620.0
2019-07-24,2530.0,2580.0
2019-07-25,2750.0,2700.0
2019-07-26,2720.0,2660.0
2019-07-27,2810.0,2720.0
2019-07-28,2730.0,2660.0
2019-07-29,2420.0,2460.0
2019-07-30,2130.0,2300.0
2019-07-31,2010.0,2220.0
2019-08-01,1930.0,2190.0
2019-08-02,2070.0,2240.0
2019-08-03,1950.0,2160.0
2019-08-04,2070.0,2110.0
2019-08-05,1950.0,2100.0
2019-08-06,1830.0,2029.0
2019-08-07,1740.0,1978.0
2019-08-08,1750.0,1963.0
2019-08-09,1830.0,2016.0
2019-08-10,1970.0,2080.0
2019-08-11,1890.0,2020.0
2019-08-12,1940.0,2007.0
2019-08-13,1860.0,1971.0
2019-08-14,1590.0,1837.0
2019-08-15,1400.0,1735.0
2019-08-16,1550.0,1835.0
2019-08-17,1550.0,1760.0
2019-08-18,1460.0,1722.0
2019-08-19,1440.0,1663.0
2019-08-20,1340.0,1710.0
2019-08-21,1510.0,1874.0
2019-08-22,1570.0,1840.0
2019-08-23,1540.0,1823.0
2019-08-24,1530.0,1791.0
2019-08-25,1500.0,1751.0
2019-08-26,1500.0,1742.0
2019-08-27,1590.0,1892.0
2019-08-28,1740.0,1906.0
2019-08-29,1660.0,1828.0
2019-08-30,1670.0,1900.0
2019-08-31,1760.0,1937.0
2019-09-01,1740.0,1941.0
2019-09-02,1710.0,1929.0
2019-09-03,1700.0,1818.0
2019-09-04,1470.0,1576.0
2019-09-05,1240.0,1406.0
2019-09-06,1230.0,1394.0
2019-09-07,1150.0,1399.0
2019-09-08,1200.0,1422.0
2019-09-09,1310.0,1470.0
2019-09-10,1260.0,1464.0
2019-09-11,1300.0,1461.0
2019-09-12,1290.0,1457.0
2019-09-13,1270.0,1443.0
2019-09-14,1290.0,1423.0
2019-09-15,1260.0,1424.0
2019-09-16,1440.0,1494.0
2019-09-17,1430.0,1540.0
2019-09-18,1380.0,1499.0
2019-09-19,1360.0,1486.0
2019-09-20,1380.0,1502.0
2019-09-21,1310.0,1359.0
2019-09-22,1150.0,1308.0
2019-09-23,1170.0,1294.0
2019-09-24,1160.0,1129.0
2019-09-25,940.0,953.0
2019-09-26,727.0,882.0
2019-09-27,725.0,860.0
2019-09-28,720.0,835.0
2019-09-29,732.0,835.0
2019-09-30,732.0,819.0
2019-10-01,701.0,805.0
2019-10-02,704.0,793.0
2019-10-03,695.0,776.0
2019-10-04,737.0,780.0
2019-10-05,767.0,786.0
2019-10-06,737.0,776.0
2019-10-07,721.0,773.0
2019-10-08,717.0,772.0
2019-10-09,729.0,781.0
2019-10-10,738.0,793.0
2019-10-11,806.0,840.0
2019-10-12,877.0,866.0
2019-10-13,889.0,871.0
2019-10-14,857.0,858.0
2019-10-15,848.0,850.0
2019-10-16,842.0,765.0
2019-10-17,731.0,728.0
2019-10-18,740.0,713.0
2019-10-19,718.0,727.0
2019-10-20,756.0,744.0
2019-10-21,777.0,748.0
2019-10-22,779.0,751.0
2019-10-23,766.0,738.0
2019-10-24,763.0,738.0
2019-10-25,798.0,754.0
2019-10-26,799.0,746.0
2019-10-27,801.0,742.0
2019-10-28,862.0,779.0
2019-10-29,890.0,681.0
2019-10-30,625.0,613.0
2019-10-31,688.0,648.0
2019-11-01,693.0,640.0
2019-11-02,666.0,646.0
2019-11-03,702.0,667.0
2019-11-04,678.0,649.0
2019-11-05,671.0,645.0
2019-11-06,668.0,641.0
2019-11-07,678.0,643.0
2019-11-08,669.0,630.0
2019-11-09,673.0,634.0
2019-11-10,666.0,627.0
2019-11-11,657.0,617.0
2019-11-12,654.0,613.0
2019-11-13,646.0,610.0
2019-11-14,655.0,618.0
2019-11-15,615.0,576.0
2019-11-16,606.0,561.0
2019-11-17,593.0,548.0
2019-11-18,598.0,543.0
2019-11-19,637.0,741.0
2019-11-20,1030.0,899.0
2019-11-21,1010.0,908.0
2019-11-22,998.0,897.0
2019-11-23,948.0,866.0
2019-11-24,907.0,841.0
2019-11-25,894.0,840.0
2019-11-26,890.0,834.0
2019-11-27,915.0,837.0
2019-11-28,949.0,829.0
2019-11-29,978.0,844.0
2019-11-30,1000.0,878.0
2019-12-01,969.0,850.0
2019-12-02,944.0,831.0
2019-12-03,936.0,825.0
2019-12-04,963.0,839.0
2019-12-05,1060.0,875.0
2019-12-06,1050.0,884.0
2019-12-07,1010.0,857.0
2019-12-08,1110.0,859.0
2019-12-09,1090.0,891.0
2019-12-10,1040.0,868.0
2019-12-11,988.0,833.0
2019-12-12,942.0,805.0
2019-12-13,951.0,813.0
2019-12-14,977.0,830.0
2019-12-15,1030.0,843.0
2019-12-16,982.0,830.0
2019-12-17,919.0,810.0
2019-12-18,874.0,800.0
2019-12-19,902.0,811.0
2019-12-20,879.0,787.0
2019-12-21,875.0,792.0
2019-12-22,888.0,782.0
2019-12-23,914.0,795.0
2019-12-24,941.0,804.0
2019-12-25,960.0,817.0
2019-12-26,966.0,820.0
2019-12-27,955.0,810.0
2019-12-28,956.0,814.0
2019-12-29,913.0,802.0
2019-12-30,865.0,786.0
2019-12-31,848.0,778.0
2020-01-01,817.0,767.0
2020-01-02,847.0,775.0
2020-01-03,837.0,707.0
2020-01-04,727.0,688.0
2020-01-05,715.0,678.0
2020-01-06,713.0,675.0
2020-01-07,691.0,671.0
2020-01-08,708.0,680.0
2020-01-09,732.0,691.0
2020-01-10,720.0,686.0
2020-01-11,694.0,684.0
2020-01-12,698.0,692.0
2020-01-13,686.0,674.0
2020-01-14,687.0,674.0
2020-01-15,703.0,685.0
2020-01-16,713.0,695.0
2020-01-17,758.0,706.0
2020-01-18,696.0,683.0
2020-01-19,691.0,682.0
2020-01-20,681.0,676.0
2020-01-21,753.0,702.0
2020-01-22,769.0,698.0
2020-01-23,737.0,698.0
2020-01-24,708.0,692.0
2020-01-25,699.0,690.0
2020-01-26,682.0,683.0
2020-01-27,706.0,692.0
2020-01-28,709.0,698.0
2020-01-29,685.0,689.0
2020-01-30,689.0,691.0
2020-01-31,676.0,687.0
2020-02-01,649.0,670.0
2020-02-02,654.0,670.0
2020-02-03,693.0,692.0
2020-02-04,676.0,677.0
2020-02-05,663.0,671.0
2020-02-06,644.0,662.0
2020-02-07,687.0,668.0
2020-02-08,734.0,689.0
2020-02-09,762.0,699.0
2020-02-10,749.0,642.0
2020-02-11,634.0,612.0
2020-02-12,623.0,598.0
2020-02-13,609.0,590.0
2020-02-14,605.0,580.0
2020-02-15,582.0,564.0
2020-02-16,608.0,582.0
2020-02-17,605.0,568.0
2020-02-18,595.0,568.0
2020-02-19,590.0,561.0
2020-02-20,585.0,569.0
2020-02-21,575.0,567.0
2020-02-22,588.0,573.0
2020-02-23,741.0,609.0
2020-02-24,713.0,608.0
2020-02-25,650.0,584.0
2020-02-26,595.0,563.0
2020-02-27,569.0,555.0
2020-02-28,526.0,547.0
2020-02-29,545.0,564.0
2020-03-01,533.0,564.0
2020-03-02,523.0,574.0
2020-03-03,498.0,562.0
2020-03-04,482.0,556.0
2020-03-05,488.0,562.0
2020-03-06,487.0,558.0
2020-03-07,499.0,566.0
2020-03-08,504.0,573.0
2020-03-09,534.0,592.0
2020-03-10,537.0,599.0
2020-03-11,549.0,604.0
2020-03-12,591.0,612.0
2020-03-13,590.0,623.0
2020-03-14,582.0,638.0
2020-03-15,551.0,626.0
2020-03-16,525.0,612.0
2020-03-17,483.0,603.0
2020-03-18,482.0,608.0
2020-03-19,662.0,683.0
2020-03-20,622.0,708.0
2020-03-21,602.0,694.0
2020-03-22,600.0,684.0
2020-03-23,591.0,727.0
2020-03-24,704.0,733.0
2020-03-25,688.0,724.0
2020-03-26,684.0,726.0
2020-03-27,688.0,736.0
2020-03-28,681.0,738.0
2020-03-29,677.0,734.0
2020-03-30,635.0,709.0
2020-03-31,617.0,693.0
2020-04-01,585.0,676.0
2020-04-02,566.0,667.0
2020-04-03,555.0,668.0
2020-04-04,539.0,668.0
2020-04-05,490.0,665.0
2020-04-06,504.0,679.0
2020-04-07,510.0,681.0
2020-04-08,562.0,714.0
2020-04-09,563.0,727.0
2020-04-10,589.0,784.0
2020-04-11,687.0,840.0
2020-04-12,701.0,849.0
2020-04-13,770.0,903.0
2020-04-14,679.0,856.0
2020-04-15,598.0,774.0
2020-04-16,551.0,735.0
2020-04-17,517.0,710.0
2020-04-18,456.0,675.0
2020-04-19,447.0,664.0
2020-04-20,460.0,669.0
2020-04-21,415.0,663.0
2020-04-22,491.0,721.0
2020-04-23,498.0,723.0
2020-04-24,436.0,678.0
2020-04-25,487.0,709.0
2020-04-26,558.0,768.0
2020-04-27,690.0,939.0
2020-04-28,949.0,1171.0
2020-04-29,1270.0,1450.0
2020-04-30,1640.0,1747.0
2020-05-01,1800.0,1935.0
2020-05-02,1960.0,2167.0
2020-05-03,2130.0,2288.0
2020-05-04,2170.0,2314.0
2020-05-05,2140.0,2326.0
2020-05-06,1900.0,2195.0
2020-05-07,1880.0,2168.0
2020-05-08,1980.0,2247.0
2020-05-09,1870.0,2166.0
2020-05-10,1770.0,2046.0
2020-05-11,1740.0,2029.0
2020-05-12,1730.0,1999.0
2020-05-13,1640.0,1955.0
2020-05-14,1650.0,1962.0
2020-05-15,1650.0,1948.0
2020-05-16,1610.0,1918.0
2020-05-17,1570.0,1923.0
2020-05-18,2010.0,2240.0
2020-05-19,2510.0,2609.0
2020-05-20,2670.0,2669.0
2020-05-21,2450.0,2489.0
2020-05-22,2050.0,2189.0
2020-05-23,1960.0,2075.0
2020-05-24,1910.0,1996.0
2020-05-25,1740.0,1844.0
2020-05-26,1540.0,1709.0
2020-05-27,1640.0,1767.0
2020-05-28,1970.0,2014.0
2020-05-29,2450.0,2400.0
2020-05-30,2750.0,2689.0
2020-05-31,2740.0,2861.0
2020-06-01,3190.0,3397.0
2020-06-02,2580.0,2958.0
2020-06-03,2530.0,2786.0
2020-06-04,2380.0,2631.0
2020-06-05,2190.0,2450.0
2020-06-06,2440.0,2623.0
2020-06-07,4110.0,4322.0
2020-06-08,2670.0,2902.0
2020-06-09,2000.0,2197.0
2020-06-10,1670.0,1869.0
2020-06-11,1440.0,1623.0
2020-06-12,1360.0,1527.0
2020-06-13,1400.0,1564.0
2020-06-14,1670.0,1778.0
2020-06-15,1910.0,1961.0
2020-06-16,1670.0,1763.0
2020-06-17,1490.0,1633.0
2020-06-18,1340.0,1541.0
2020-06-19,1230.0,1466.0
2020-06-20,1120.0,1378.0
2020-06-21,986.0,1272.0
2020-06-22,934.0,1220.0
2020-06-23,886.0,1190.0
2020-06-24,814.0,1143.0
2020-06-25,772.0,1104.0
2020-06-26,761.0,1088.0
2020-06-27,721.0,1044.0
2020-06-28,731.0,1052.0
2020-06-29,688.0,1015.0
2020-06-30,632.0,1015.0
2020-07-01,750.0,1149.0
2020-07-02,932.0,1135.0
2020-07-03,901.0,1090.0
2020-07-04,878.0,1089.0
2020-07-05,888.0,1080.0
2020-07-06,906.0,1129.0
2020-07-07,873.0,1097.0
2020-07-08,796.0,1046.0
2020-07-09,766.0,1031.0
2020-07-10,753.0,1012.0
2020-07-11,724.0,975.0
2020-07-12,708.0,949.0
2020-07-13,696.0,945.0
2020-07-14,676.0,924.0
2020-07-15,636.0,909.0
2020-07-16,651.0,957.0
2020-07-17,702.0,963.0
2020-07-18,810.0,1000.0
2020-07-19,843.0,1075.0
2020-07-20,804.0,1063.0
2020-07-21,759.0,999.0
2020-07-22,716.0,975.0
2020-07-23,678.0,877.0
2020-07-24,594.0,868.0
2020-07-25,751.0,958.0
2020-07-26,1780.0,1839.0
2020-07-27,2190.0,1861.0
2020-07-28,2450.0,1706.0
2020-07-29,1600.0,1447.0
2020-07-30,1200.0,1215.0
2020-07-31,914.0,1008.0
2020-08-01,751.0,880.0
2020-08-02,667.0,807.0
2020-08-03,673.0,893.0
2020-08-04,707.0,862.0
2020-08-05,632.0,821.0
2020-08-06,594.0,788.0
2020-08-07,551.0,826.0
2020-08-08,577.0,806.0
2020-08-09,559.0,781.2
2020-08-10,535.0,751.5
2020-08-11,524.0,800.8
2020-08-12,613.0,830.6
2020-08-13,699.0,907.9
2020-08-14,724.0,920.2
2020-08-15,833.0,1015.0
2020-08-16,879.0,1011.4
2020-08-17,867.0,1013.3
2020-08-18,861.0,1053.9
2020-08-19,909.0,1062.3
2020-08-20,,1083.4
2020-08-21,,1048.2
2020-08-22,,1012.2
2020-08-23,,1010.7
2020-08-24,,1013.2
2020-08-25,,1009.0
2020-08-26,,1024.5
2020-08-27,,1013.3
2020-08-28,,1013.4
2020-08-29,,937.5
2020-08-30,,914.7
2020-08-31,,895.9
2020-09-01,,869.9
2020-09-02,,869.3
2020-09-03,,937.4
2020-09-04,,960.5
2020-09-05,,948.8
2020-09-06,,946.6
2020-09-07,,959.7
2020-09-08,,958.9
2020-09-09,,881.3
2020-09-10,,992.0
2020-09-11,,1027.0
2020-09-12,,956.0
2020-09-13,,928.0
2020-09-14,,922.0
2020-09-15,,892.0
2020-09-16,,796.2
2020-09-17,,752.5
2020-09-18,,781.8
2020-09-19,,797.1
2020-09-20,,785.0
2020-09-21,,783.2
2020-09-22,,788.0
2020-09-23,,806.4
2020-09-24,,795.0
2020-09-25,,786.4
2020-09-26,,778.1
2020-09-27,,772.4
2020-09-28,,767.1
2020-09-29,,766.3
2020-09-30,,769.2
2020-10-01,,770.1
2020-10-02,,775.1
2020-10-03,,779.1
2020-10-04,,783.0
2020-10-05,,784.2
2020-10-06,,785.5
2020-10-07,,778.0
2020-10-08,,773.2
2020-10-09,,770.8
2020-10-10,,772.4
2020-10-11,,771.7
2020-10-12,,776.9
2020-10-13,,769.9
2020-10-14,,772.3
2020-10-15,,768.8
2020-10-16,,766.5
2020-10-17,,777.7
2020-10-18,,788.2
2020-10-19,,804.5
2020-10-20,,750.8
2020-10-21,,727.4
2020-10-22,,679.2
2020-10-23,,655.4
2020-10-24,,658.4
2020-10-25,,682.1
2020-10-26,,787.0
2020-10-27,,753.0
2020-10-28,,730.0
2020-10-29,,723.0
2020-10-30,,709.0
2020-10-31,,715.0
2020-11-01,,714.0
2020-11-02,,646.0
2020-11-03,,619.0
2020-11-04,,620.0
2020-11-05,,621.0
2020-11-06,,624.0
2020-11-07,,633.0
2020-11-08,,684.0
2020-11-09,,642.0
2020-11-10,,573.0
2020-11-11,,541.0
2020-11-12,,522.0
2020-11-13,,517.0
2020-11-14,,511.0
2020-11-15,,509.0
2020-11-16,,515.0
2020-11-17,,514.0
2020-11-18,,516.0
2020-11-19,,513.0
2020-11-20,,511.0
2020-11-21,,546.0
2020-11-22,,563.0
2020-11-23,,568.0
2020-11-24,,563.0
2020-11-25,,560.0
2020-11-26,,559.0
2020-11-27,,550.0
2020-11-28,,550.0
2020-11-29,,547.0
2020-11-30,,544.0
2020-12-01,,542.0
2020-12-02,,544.0
2020-12-03,,535.0
2020-12-04,,532.0
2020-12-05,,547.0
2020-12-06,,529.0
2020-12-07,,537.0
2020-12-08,,537.0
2020-12-09,,533.0
2020-12-10,,533.0
2020-12-11,,543.0
2020-12-12,,543.0
2020-12-13,,525.0
2020-12-14,,526.0
2020-12-15,,532.0
2020-12-16,,491.0
2020-12-17,,471.0
2020-12-18,,530.0
2020-12-19,,521.0
2020-12-20,,529.0
2020-12-21,,526.0
2020-12-22,,518.0
2020-12-23,,526.0
2020-12-24,,525.0
2020-12-25,,528.0
2020-12-26,,525.0
2020-12-27,,523.0
2020-12-28,,540.0
2020-12-29,,541.0
2020-12-30,,517.0
2020-12-31,,527.0
2021-01-01,,533.0
2021-01-02,,521.0
2021-01-03,,528.0
2021-01-04,,529.0
2021-01-05,,539.0
2021-01-06,,528.0
2021-01-07,,539.0
2021-01-08,,532.0
2021-01-09,,572.0
2021-01-10,,578.0
2021-01-11,,564.0
2021-01-12,,561.0
2021-01-13,,574.0
2021-01-14,,566.0
2021-01-15,,581.0
2021-01-16,,578.0
2021-01-17,,579.0
2021-01-18,,573.0
2021-01-19,,602.0
2021-01-20,,583.0
2021-01-21,,575.0
2021-01-22,,583.0
2021-01-23,,578.0
2021-01-24,,592.0
2021-01-25,,594.0
2021-01-26,,585.0
2021-01-27,,559.0
2021-01-28,,556.0
2021-01-29,,564.0
2021-01-30,,580.0
2021-01-31,,577.0
2021-02-01,,563.0
2021-02-02,,558.0
2021-02-03,,574.0
2021-02-04,,589.0
2021-02-05,,583.0
2021-02-06,,574.0
2021-02-07,,565.0
2021-02-08,,565.0
2021-02-09,,545.0
2021-02-10,,541.0
2021-02-11,,551.0
2021-02-12,,548.0
2021-02-13,,558.0
2021-02-14,,589.0
2021-02-15,,574.0
2021-02-16,,574.0
2021-02-17,,563.0
2021-02-18,,562.0
2021-02-19,,541.0
2021-02-20,,541.0
2021-02-21,,558.0
2021-02-22,,563.0
2021-02-23,,565.0
2021-02-24,,560.0
2021-02-25,,558.0
2021-02-26,,565.0
2021-02-27,,557.0
2021-02-28,,556.0
2021-03-01,,554.0
2021-03-02,,537.0
2021-03-03,,536.0
2021-03-04,,564.0
2021-03-05,,584.0
2021-03-06,,579.0
2021-03-07,,568.0
2021-03-08,,565.0
2021-03-09,,565.0
2021-03-10,,562.0
2021-03-11,,562.0
2021-03-12,,561.0
2021-03-13,,558.0
2021-03-14,,561.0
2021-03-15,,560.0
2021-03-16,,556.0
2021-03-17,,559.0
2021-03-18,,559.0
2021-03-19,,557.0
2021-03-20,,554.0
2021-03-21,,539.0
2021-03-22,,526.0
2021-03-23,,534.0
2021-03-24,,561.0
2021-03-25,,573.0
2021-03-26,,572.0
2021-03-27,,577.0
2021-03-28,,563.0
2021-03-29,,536.0
2021-03-30,,522.0
2021-03-31,,530.0
2021-04-01,,537.0
2021-04-02,,550.0
2021-04-03,,550.0
2021-04-04,,562.0
2021-04-05,,583.0
2021-04-06,,606.0
2021-04-07,,632.0
2021-04-08,,620.0
2021-04-09,,675.0
2021-04-10,,680.0
2021-04-11,,665.0
2021-04-12,,671.0
2021-04-13,,679.0
2021-04-14,,708.0
2021-04-15,,687.0
2021-04-16,,692.0
2021-04-17,,682.0
2021-04-18,,657.0
2021-04-19,,629.0
2021-04-20,,596.9
2021-04-21,,623.9
2021-04-22,,681.7
2021-04-23,,688.8
2021-04-24,,766.5
2021-04-25,,783.7
2021-04-26,,767.1
2021-04-27,,780.1
2021-04-28,,855.0
2021-04-29,,861.0
2021-04-30,,820.8
2021-05-01,,726.8
2021-05-02,,796.0
2021-05-03,,1047.0
2021-05-04,,1099.0
2021-05-05,,933.0
2021-05-06,,886.0
2021-05-07,,1006.0
2021-05-08,,1201.0
2021-05-09,,1252.0
2021-05-10,,1010.0
2021-05-11,,974.0
2021-05-12,,816.0
2021-05-13,,780.0
2021-05-14,,881.0
2021-05-15,,968.0
2021-05-16,,1093.0
2021-05-17,,1306.0
2021-05-18,,1364.0
2021-05-19,,1194.0
2021-05-20,,1062.0
2021-05-21,,1250.0
2021-05-22,,1724.0
2021-05-23,,1664.0
2021-05-24,,1564.0
2021-05-25,,1453.0
2021-05-26,,1524.0
2021-05-27,,1564.0
2021-05-28,,1505.0
2021-05-29,,1624.0
2021-05-30,,1693.0
2021-05-31,,1773.0
2021-06-01,,1752.0
2021-06-02,,1513.0
2021-06-03,,1630.0
2021-06-04,,2022.0
2021-06-05,,2730.0
2021-06-06,,2961.0
2021-06-07,,2699.0
2021-06-08,,2457.0
2021-06-09,,2207.0
2021-06-10,,1987.0
2021-06-11,,1856.0
2021-06-12,,1845.0
2021-06-13,,1765.0
2021-06-14,,1644.0
2021-06-15,,1553.0
2021-06-16,,1473.0
2021-06-17,,1423.0
2021-06-18,,1361.0
2021-06-19,,1232.0
2021-06-20,,1152.0
2021-06-21,,1134.0
2021-06-22,,1037.0
2021-06-23,,953.0
2021-06-24,,902.0
2021-06-25,,998.0
2021-06-26,,1078.0
2021-06-27,,1029.0
2021-06-28,,1005.0
2021-06-29,,856.0
2021-06-30,,945.0
2021-07-01,,1140.0
2021-07-02,,1098.0
2021-07-03,,1045.0
2021-07-04,,1016.0
2021-07-05,,1018.0
2021-07-06,,1021.0
2021-07-07,,1037.0
2021-07-08,,963.0
2021-07-09,,905.0
2021-07-10,,858.0
2021-07-11,,812.0
2021-07-12,,782.0
2021-07-13,,846.0
2021-07-14,,882.0
2021-07-15,,1020.0
2021-07-16,,986.0
2021-07-17,,909.0
2021-07-18,,887.0
2021-07-19,,887.0
2021-07-20,,893.0
2021-07-21,,870.0
2021-07-22,,760.0
2021-07-23,,718.0
2021-07-24,,683.0
2021-07-25,,923.0
2021-07-26,,1192.0
2021-07-27,,1378.0
2021-07-28,,1992.0
2021-07-29,,1372.0
2021-07-30,,1228.0
2021-07-31,,1288.0
2021-08-01,,1263.0
2021-08-02,,1194.0
2021-08-03,,1091.0
2021-08-04,,975.0
2021-08-05,,862.0
2021-08-06,,852.0
2021-08-07,,865.0
2021-08-08,,938.0
2021-08-09,,887.0
2021-08-10,,843.0
2021-08-11,,809.0
2021-08-12,,866.8
2021-08-13,,886.8
2021-08-14,,947.0
2021-08-15,,1003.0
2021-08-16,,1138.0
2021-08-17,,956.0
2021-08-18,,856.0
2021-08-19,,840.0
2021-08-20,,866.0
2021-08-21,,981.0
2021-08-22,,963.0
2021-08-23,,892.0
2021-08-24,,846.0
2021-08-25,,799.0
2021-08-26,,776.5
2021-08-27,,802.9
2021-08-28,,801.0
2021-08-29,,792.9
2021-08-30,,787.1
2021-08-31,,781.9
2021-09-01,,804.4
2021-09-02,,1141.0
2021-09-03,,1003.0
2021-09-04,,980.0
2021-09-05,,954.0
2021-09-06,,934.0
2021-09-07,,906.0
2021-09-08,,850.0
2021-09-09,,823.4
2021-09-10,,817.1
2021-09-11,,812.3
2021-09-12,,805.8
2021-09-13,,803.5
2021-09-14,,860.9
2021-09-15,,880.7
2021-09-16,,892.9
2021-09-17,,926.8
2021-09-18,,941.6
2021-09-19,,946.5
2021-09-20,,945.1
2021-09-21,,928.4
2021-09-22,,925.4
2021-09-23,,889.0
2021-09-24,,836.3
2021-09-25,,838.2
2021-09-26,,841.0
2021-09-27,,844.0
2021-09-28,,846.0
2021-09-29,,803.2
2021-09-30,,771.9
2021-10-01,,832.0
2021-10-02,,882.0
2021-10-03,,854.0
2021-10-04,,771.0
2021-10-05,,666.0
2021-10-06,,689.0
2021-10-07,,689.0
2021-10-08,,686.0
2021-10-09,,693.0
2021-10-10,,695.0
2021-10-11,,763.0
2021-10-12,,796.0
2021-10-13,,825.0
2021-10-14,,812.0
2021-10-15,,811.0
2021-10-16,,804.0
2021-10-17,,802.0
2021-10-18,,736.0
2021-10-19,,720.0
2021-10-20,,733.0
2021-10-21,,730.0
2021-10-22,,709.0
2021-10-23,,700.0
2021-10-24,,695.0
2021-10-25,,687.0
2021-10-26,,661.0
2021-10-27,,641.0
2021-10-28,,660.0
2021-10-29,,655.0
2021-10-30,,659.0
2021-10-31,,668.0
2021-11-01,,670.0
2021-11-02,,630.0
2021-11-03,,623.0
2021-11-04,,624.0
2021-11-05,,613.0
2021-11-06,,600.0
2021-11-07,,593.0
2021-11-08,,591.0
2021-11-09,,577.0
2021-11-10,,577.0
2021-11-11,,580.0
2021-11-12,,580.0
2021-11-13,,581.0
2021-11-14,,575.0
2021-11-15,,577.0
2021-11-16,,573.0
2021-11-17,,568.0
2021-11-18,,572.0
2021-11-19,,566.0
2021-11-20,,553.0
2021-11-21,,557.0
2021-11-22,,559.0
2021-11-23,,552.0
2021-11-24,,558.0
2021-11-25,,557.0
2021-11-26,,556.0
2021-11-27,,540.0
2021-11-28,,548.0
2021-11-29,,551.0
2021-11-30,,543.0
2021-12-01,,533.0
2021-12-02,,533.0
2021-12-03,,539.0
2021-12-04,,538.0
2021-12-05,,536.0
2021-12-06,,536.0
2021-12-07,,534.0
2021-12-08,,534.0
2021-12-09,,542.0
2021-12-10,,599.0
2021-12-11,,539.0
2021-12-12,,490.0
2021-12-13,,482.0
2021-12-14,,502.0
2021-12-15,,513.0
2021-12-16,,513.0
2021-12-17,,505.0
2021-12-18,,485.0
2021-12-19,,483.0
2021-12-20,,479.0
2021-12-21,,474.0
2021-12-22,,472.0
2021-12-23,,493.0
2021-12-24,,596.0
2021-12-25,,738.0
2021-12-26,,587.0
2021-12-27,,553.0
2021-12-28,,536.0
2021-12-29,,537.0
2021-12-30,,533.0
2021-12-31,,530.0
2022-01-01,,532.0
2022-01-02,,514.0
2022-01-03,,485.0
2022-01-04,,531.0
2022-01-05,,555.0
2022-01-06,,573.0
2022-01-07,,582.0
2022-01-08,,576.0
2022-01-09,,569.0
2022-01-10,,561.0
2022-01-11,,545.0
2022-01-12,,526.0
2022-01-13,,564.0
2022-01-14,,590.0
2022-01-15,,595.0
2022-01-16,,583.0
2022-01-17,,583.0
2022-01-18,,581.0
2022-01-19,,588.0
2022-01-20,,591.0
2022-01-21,,590.0
2022-01-22,,580.0
2022-01-23,,580.0
2022-01-24,,578.0
2022-01-25,,572.0
2022-01-26,,581.0
2022-01-27,,583.0
2022-01-28,,581.0
2022-01-29,,571.0
2022-01-30,,558.0
2022-01-31,,570.0
2022-02-01,,580.0
2022-02-02,,590.0
2022-02-03,,592.0
2022-02-04,,579.0
2022-02-05,,571.0
2022-02-06,,578.0
2022-02-07,,593.0
2022-02-08,,593.0
2022-02-09,,534.0
2022-02-10,,515.0
2022-02-11,,515.0
2022-02-12,,515.0
2022-02-13,,519.0
2022-02-14,,513.0
2022-02-15,,513.0
2022-02-16,,516.0
2022-02-17,,531.0
2022-02-18,,524.0
2022-02-19,,517.0
2022-02-20,,507.0
2022-02-21,,512.0
2022-02-22,,517.0
2022-02-23,,527.0
2022-02-24,,525.0
2022-02-25,,516.0
2022-02-26,,551.0
2022-02-27,,566.0
2022-02-28,,564.0
2022-03-01,,574.0
2022-03-02,,583.0
2022-03-03,,591.0
2022-03-04,,594.0
2022-03-05,,605.0
2022-03-06,,625.0
2022-03-07,,612.0
2022-03-08,,598.0
2022-03-09,,589.0
2022-03-10,,594.0
2022-03-11,,594.0
2022-03-12,,592.0
2022-03-13,,581.0
2022-03-14,,580.0
2022-03-15,,591.0
2022-03-16,,592.0
2022-03-17,,551.0
2022-03-18,,545.0
2022-03-19,,543.0
2022-03-20,,537.0
2022-03-21,,539.0
2022-03-22,,541.0
2022-03-23,,538.0
2022-03-24,,542.0
2022-03-25,,541.0
2022-03-26,,551.0
2022-03-27,,580.0
2022-03-28,,679.0
2022-03-29,,856.0
2022-03-30,,890.0
2022-03-31,,807.0
2022-04-01,,731.0
2022-04-02,,664.0
2022-04-03,,639.0
2022-04-04,,617.0
2022-04-05,,624.0
2022-04-06,,664.0
2022-04-07,,701.0
2022-04-08,,656.0
2022-04-09,,625.0
2022-04-10,,685.0
2022-04-11,,734.0
2022-04-12,,860.0
2022-04-13,,926.0
2022-04-14,,863.0
2022-04-15,,792.0
2022-04-16,,736.0
2022-04-17,,716.0
2022-04-18,,529.0
2022-04-19,,561.0
2022-04-20,,768.0
2022-04-21,,991.0
2022-04-22,,1278.0
2022-04-23,,1463.0
2022-04-24,,1121.0
2022-04-25,,910.0
2022-04-26,,762.0
2022-04-27,,679.0
2022-04-28,,717.0
2022-04-29,,840.0
2022-04-30,,1098.0
2022-05-01,,1287.0
2022-05-02,,1462.0
2022-05-03,,1511.0
2022-05-04,,1612.0
2022-05-05,,1403.0
2022-05-06,,1342.0
2022-05-07,,1871.0
2022-05-08,,2429.0
2022-05-09,,2448.0
2022-05-10,,2247.0
2022-05-11,,2228.0
2022-05-12,,2157.0
2022-05-13,,2025.0
2022-05-14,,1995.0
2022-05-15,,2224.0
2022-05-16,,2521.0
2022-05-17,,2479.0
2022-05-18,,2420.0
2022-05-19,,2410.0
2022-05-20,,2431.0
2022-05-21,,2112.0
2022-05-22,,1704.0
2022-05-23,,1443.0
2022-05-24,,1272.0
2022-05-25,,1142.0
2022-05-26,,1071.0
2022-05-27,,1204.0
2022-05-28,,1503.0
2022-05-29,,1562.0
2022-05-30,,1393.0
2022-05-31,,1201.0
2022-06-01,,1040.0
2022-06-02,,1059.0
2022-06-03,,1153.0
2022-06-04,,1203.0
2022-06-05,,1127.0
2022-06-06,,1085.0
2022-06-07,,1067.0
2022-06-08,,1081.0
2022-06-09,,1102.0
2022-06-10,,1079.0
2022-06-11,,1061.0
2022-06-12,,1029.0
2022-06-13,,1100.0
2022-06-14,,1079.0
2022-06-15,,1016.0
2022-06-16,,955.0
2022-06-17,,876.0
2022-06-18,,852.0
2022-06-19,,1096.0
2022-06-20,,1838.0
2022-06-21,,1589.0
2022-06-22,,1326.0
2022-06-23,,1220.0
2022-06-24,,1214.0
2022-06-25,,1140.0
2022-06-26,,1101.0
2022-06-27,,1439.0
2022-06-28,,1614.0
2022-06-29,,1260.0
2022-06-30,,1109.0
2022-07-01,,1026.0
2022-07-02,,1000.0
2022-07-03,,978.0
2022-07-04,,1016.0
2022-07-05,,998.0
2022-07-06,,919.0
2022-07-07,,1048.0
2022-07-08,,935.0
2022-07-09,,829.0
2022-07-10,,739.0
2022-07-11,,672.0
2022-07-12,,717.0
2022-07-13,,846.0
2022-07-14,,984.0
2022-07-15,,937.0
2022-07-16,,909.0
2022-07-17,,903.0
2022-07-18,,905.6
2022-07-19,,892.0
2022-07-20,,904.0
2022-07-21,,891.4
2022-07-22,,874.7
2022-07-23,,856.4
2022-07-24,,842.4
2022-07-25,,859.3
2022-07-26,,1000.0
2022-07-27,,892.0
2022-07-28,,755.0
2022-07-29,,814.0
2022-07-30,,1094.0
2022-07-31,,1499.0
2022-08-01,,1253.0
2022-08-02,,1138.0
2022-08-03,,1002.0
2022-08-04,,899.0
2022-08-05,,909.0
2022-08-06,,869.0
2022-08-07,,1134.0
2022-08-08,,993.0
2022-08-09,,844.0
2022-08-10,,746.0
2022-08-11,,664.0
2022-08-12,,654.0
2022-08-13,,811.0
2022-08-14,,857.0
2022-08-15,,877.0
2022-08-16,,1059.0
2022-08-17,,966.0
2022-08-18,,931.0
2022-08-19,,750.0
2022-08-20,,695.0
2022-08-21,,733.0
2022-08-22,,779.0
2022-08-23,,751.0
2022-08-24,,722.0
2022-08-25,,702.0
2022-08-26,,759.0
2022-08-27,,885.0
2022-08-28,,1020.0
2022-08-29,,927.0
2022-08-30,,867.0
2022-08-31,,795.0
2022-09-01,,851.0
2022-09-02,,934.0
2022-09-03,,917.0
2022-09-04,,894.0
2022-09-05,,885.0
2022-09-06,,857.0
2022-09-07,,843.0
2022-09-08,,915.5
2022-09-09,,941.6
2022-09-10,,978.0
2022-09-11,,1005.0
2022-09-12,,994.1
2022-09-13,,1008.3
2022-09-14,,997.0
2022-09-15,,945.0
2022-09-16,,943.0
2022-09-17,,822.0
2022-09-18,,773.0
2022-09-19,,764.0
2022-09-20,,765.0
2022-09-21,,813.0
2022-09-22,,1338.0
2022-09-23,,1167.0
2022-09-24,,1124.0
2022-09-25,,964.0
2022-09-26,,855.0
2022-09-27,,768.0
2022-09-28,,730.0
2022-09-29,,704.0
2022-09-30,,704.0
2022-10-01,,740.0
2022-10-02,,773.0
2022-10-03,,958.0
2022-10-04,,1121.0
2022-10-05,,1138.0
2022-10-06,,1103.0
2022-10-07,,1041.0
2022-10-08,,934.0
2022-10-09,,912.0
2022-10-10,,870.0
2022-10-11,,808.0
2022-10-12,,782.0
2022-10-13,,875.0
2022-10-14,,869.0
2022-10-15,,850.0
2022-10-16,,833.0
2022-10-17,,833.0
2022-10-18,,831.0
2022-10-19,,833.0
2022-10-20,,771.0
2022-10-21,,749.0
2022-10-22,,745.0
2022-10-23,,758.0
2022-10-24,,812.0
2022-10-25,,811.0
2022-10-26,,675.0
2022-10-27,,656.0
2022-10-28,,665.0
2022-10-29,,667.0
2022-10-30,,656.0
2022-10-31,,680.0
2022-11-01,,597.0
2022-11-02,,571.0
2022-11-03,,675.0
2022-11-04,,709.0
2022-11-05,,644.0
2022-11-06,,610.0
2022-11-07,,622.0
2022-11-08,,619.0
2022-11-09,638.0,626.0
2022-11-10,683.0,632.0
2022-11-11,676.0,617.0
2022-11-12,668.0,605.0
2022-11-13,660.0,593.0
2022-11-14,676.0,612.0
2022-11-15,645.0,607.0
2022-11-16,603.0,595.0
2022-11-17,583.0,578.0
2022-11-18,560.0,565.0
2022-11-19,557.0,565.0
2022-11-20,564.0,568.0
2022-11-21,547.0,551.0
2022-11-22,552.0,550.0
2022-11-23,542.0,555.0
2022-11-24,571.0,599.0
2022-11-25,598.0,592.0
2022-11-26,599.0,583.0
2022-11-27,599.0,583.0
2022-11-28,607.0,586.0
2022-11-29,598.0,581.0
2022-11-30,595.0,588.0
2022-12-01,590.0,575.0
2022-12-02,615.0,589.0
2022-12-03,624.0,591.0
2022-12-04,622.0,588.0
2022-12-05,629.0,588.0
2022-12-06,629.0,589.0
2022-12-07,625.0,587.0
2022-12-08,629.0,588.0
2022-12-09,621.0,579.0
2022-12-10,600.0,563.0
2022-12-11,588.0,553.0
2022-12-12,595.0,562.0
2022-12-13,596.0,568.0
2022-12-14,591.0,550.0
2022-12-15,579.0,539.0
2022-12-16,560.0,535.0
2022-12-17,535.0,502.0
2022-12-18,528.0,497.0
2022-12-19,525.0,505.0
2022-12-20,531.0,518.0
2022-12-21,550.0,556.0
2022-12-22,552.0,564.0
2022-12-23,588.0,551.0
2022-12-24,585.0,537.0
2022-12-25,587.0,534.0
2022-12-26,593.0,537.0
2022-12-27,602.0,536.0
2022-12-28,772.0,614.0
2022-12-29,704.0,578.0
2022-12-30,652.0,554.0
2022-12-31,680.0,560.0
2023-01-01,687.0,584.0
2023-01-02,767.0,645.0
2023-01-03,692.0,578.0
2023-01-04,602.0,527.0
2023-01-05,568.0,511.0
2023-01-06,564.0,511.0
2023-01-07,546.0,499.0
2023-01-08,542.0,499.0
2023-01-09,534.0,493.0
2023-01-10,535.0,495.0
2023-01-11,558.0,507.0
2023-01-12,541.0,504.0
2023-01-13,525.0,490.0
2023-01-14,515.0,481.0
2023-01-15,557.0,521.0
2023-01-16,586.0,553.0
2023-01-17,606.0,562.0
2023-01-18,579.0,540.0
2023-01-19,542.0,507.0
2023-01-20,519.0,488.0
2023-01-21,518.0,486.0
2023-01-22,497.0,472.0
2023-01-23,508.0,481.0
2023-01-24,503.0,512.0
2023-01-25,540.0,533.0
2023-01-26,528.0,527.0
2023-01-27,503.0,507.0
2023-01-28,503.0,507.0
2023-01-29,530.0,527.0
2023-01-30,552.0,536.0
2023-01-31,554.0,542.0
2023-02-01,554.0,547.0
2023-02-02,551.0,539.0
2023-02-03,535.0,486.0
2023-02-04,494.0,471.0
2023-02-05,509.0,484.0
2023-02-06,505.0,484.0
2023-02-07,503.0,489.0
2023-02-08,502.0,481.0
2023-02-09,492.0,469.0
2023-02-10,502.0,482.0
2023-02-11,491.0,509.0
2023-02-12,531.0,516.0
2023-02-13,562.0,530.0
2023-02-14,615.0,567.0
2023-02-15,589.0,564.0
2023-02-16,579.0,549.0
2023-02-17,550.0,524.0
2023-02-18,526.0,510.0
2023-02-19,553.0,528.0
2023-02-20,588.0,551.0
2023-02-21,643.0,566.0
2023-02-22,757.0,532.0
2023-02-23,638.0,516.0
2023-02-24,541.0,477.0
2023-02-25,561.0,483.0
2023-02-26,574.0,496.0
2023-02-27,544.0,498.0
2023-02-28,535.0,480.0
2023-03-01,530.0,479.0
2023-03-02,565.0,493.0
2023-03-03,549.0,490.0
2023-03-04,545.0,489.0
2023-03-05,548.0,491.0
2023-03-06,539.0,492.0
2023-03-07,561.0,502.0
2023-03-08,568.0,514.0
2023-03-09,584.0,529.0
2023-03-10,575.0,531.0
2023-03-11,621.0,583.0
2023-03-12,881.0,826.0
2023-03-13,872.0,797.0
2023-03-14,910.0,753.0
2023-03-15,1020.0,784.0
2023-03-16,1440.0,1244.0
2023-03-17,1240.0,1028.0
2023-03-18,1020.0,727.0
2023-03-19,870.0,659.0
2023-03-20,810.0,654.0
2023-03-21,783.0,720.0
2023-03-22,980.0,928.0
2023-03-23,1160.0,1129.0
2023-03-24,890.0,752.0
2023-03-25,800.0,690.0
2023-03-26,736.0,635.0
2023-03-27,631.0,592.0
2023-03-28,527.0,563.0
2023-03-29,496.0,547.0
2023-03-30,497.0,559.0
2023-03-31,523.0,572.0
2023-04-01,510.0,551.0
2023-04-02,553.0,550.0
2023-04-03,599.0,580.0
2023-04-04,613.0,665.0
2023-04-05,582.0,666.0
2023-04-06,591.0,619.0
2023-04-07,606.0,578.0
2023-04-08,641.0,602.0
2023-04-09,637.0,702.0
2023-04-10,724.0,791.0
2023-04-11,981.0,1075.0
2023-04-12,1650.0,1586.0
2023-04-13,2290.0,2016.0
2023-04-14,2390.0,2059.0
2023-04-15,2180.0,1780.0
2023-04-16,2030.0,1572.0
2023-04-17,2290.0,1695.0
2023-04-18,2420.0,2047.0
2023-04-19,2580.0,2310.0
2023-04-20,2420.0,2193.0
2023-04-21,2360.0,2103.0
2023-04-22,2880.0,2121.0
2023-04-23,2870.0,2271.0
2023-04-24,3000.0,2513.0
2023-04-25,2910.0,2487.0
2023-04-26,2430.0,2109.0
2023-04-27,2370.0,2058.0
2023-04-28,2660.0,2287.0
2023-04-29,2920.0,2438.0
2023-04-30,3440.0,2848.0
2023-05-01,3630.0,3481.0
2023-05-02,3890.0,3934.0
2023-05-03,4660.0,4095.0
2023-05-04,4970.0,4198.0
2023-05-05,4840.0,4179.0
2023-05-06,4020.0,3561.0
2023-05-07,3420.0,3114.0
2023-05-08,3210.0,2987.0
2023-05-09,3320.0,3100.0
2023-05-10,3960.0,3634.0
2023-05-11,3920.0,3668.0
2023-05-12,3520.0,3374.0
2023-05-13,3680.0,3720.0
2023-05-14,4230.0,4020.0
2023-05-15,4390.0,4640.0
2023-05-16,4890.0,5390.0
2023-05-17,5930.0,6050.0
2023-05-18,6440.0,6300.0
2023-05-19,6610.0,6570.0
2023-05-20,7030.0,6950.0
2023-05-21,6610.0,6730.0
2023-05-22,6660.0,6930.0
2023-05-23,7160.0,7340.0
2023-05-24,7270.0,7510.0
2023-05-25,8130.0,7840.0
2023-05-26,8130.0,7930.0
2023-05-27,8420.0,8040.0
2023-05-28,8150.0,7820.0
2023-05-29,8050.0,7700.0
2023-05-30,8320.0,8020.0
2023-05-31,8730.0,8440.0
2023-06-01,8660.0,8170.0
2023-06-02,7410.0,7490.0
2023-06-03,6580.0,6970.0
2023-06-04,6320.0,6760.0
2023-06-05,6690.0,6960.0
2023-06-06,7310.0,7320.0
2023-06-07,8270.0,7980.0
2023-06-08,8300.0,7960.0
2023-06-09,7810.0,7680.0
2023-06-10,7860.0,7670.0
2023-06-11,7610.0,7500.0
2023-06-12,7510.0,7390.0
2023-06-13,7370.0,7140.0
2023-06-14,6660.0,6630.0
2023-06-15,6160.0,6160.0
2023-06-16,5550.0,5480.0
2023-06-17,5260.0,5300.0
2023-06-18,5240.0,5280.0
2023-06-19,5220.0,5200.0
2023-06-20,5390.0,5100.0
2023-06-21,5330.0,4960.0
2023-06-22,5200.0,4680.0
2023-06-23,4840.0,4210.0
2023-06-24,4220.0,3625.0
2023-06-25,3650.0,3227.0
2023-06-26,3500.0,3004.0
2023-06-27,3200.0,2905.0
2023-06-28,3310.0,3024.0
2023-06-29,3100.0,2862.0
2023-06-30,2790.0,2591.0
2023-07-01,2560.0,2391.0
2023-07-02,2470.0,2321.0
2023-07-03,2430.0,2280.0
2023-07-04,2370.0,2237.0
2023-07-05,2260.0,2157.0
2023-07-06,2160.0,2090.0
2023-07-07,2020.0,1983.0
2023-07-08,1920.0,1893.0
2023-07-09,1820.0,1814.0
2023-07-10,1710.0,1736.0
2023-07-11,1610.0,1667.0
2023-07-12,1550.0,1628.0
2023-07-13,1550.0,1653.0
2023-07-14,1500.0,1613.0
2023-07-15,1380.0,1551.0
2023-07-16,1260.0,1463.0
2023-07-17,1170.0,1379.0
2023-07-18,1040.0,1292.0
2023-07-19,920.0,1224.0
2023-07-20,871.0,1199.0
2023-07-21,868.0,1196.0
2023-07-22,843.0,1109.0
2023-07-23,811.0,1112.0
2023-07-24,761.0,1063.0
2023-07-25,690.0,972.0
2023-07-26,646.0,928.0
2023-07-27,619.0,908.0
2023-07-28,612.0,850.0
2023-07-29,628.0,963.0
2023-07-30,886.0,1002.0
2023-07-31,858.0,1013.0
2023-08-01,954.0,1051.0
2023-08-02,936.0,1106.0
2023-08-03,1010.0,1107.0
2023-08-04,935.0,1060.0
2023-08-05,842.0,1035.0
2023-08-06,815.0,1003.0
2023-08-07,775.0,968.0
2023-08-08,760.0,941.0
2023-08-09,801.0,902.0
2023-08-10,735.0,866.0
2023-08-11,712.0,849.0
2023-08-12,675.0,835.0
2023-08-13,698.0,845.0
2023-08-14,798.0,866.0
2023-08-15,761.0,874.0
2023-08-16,713.0,939.0
2023-08-17,716.0,936.0
2023-08-18,709.0,813.0
2023-08-19,531.0,763.0
2023-08-20,511.0,759.0
2023-08-21,459.0,738.0
2023-08-22,452.0,821.0
2023-08-23,562.0,857.0
2023-08-24,741.0,887.0
2023-08-25,833.0,936.0
2023-08-26,759.0,975.0
2023-08-27,765.0,995.0
2023-08-28,755.0,960.0
2023-08-29,675.0,927.0
2023-08-30,609.0,903.0
2023-08-31,573.0,881.0
2023-09-01,543.0,878.0
2023-09-02,589.0,924.0
2023-09-03,590.0,915.0
2023-09-04,583.0,915.0
2023-09-05,647.0,905.0
2023-09-06,617.0,890.7
2023-09-07,599.0,863.2
2023-09-08,585.0,855.2
2023-09-09,568.0,852.3
2023-09-10,566.0,847.8
2023-09-11,581.0,844.3
2023-09-12,575.0,858.4
2023-09-13,706.0,931.0
2023-09-14,885.0,918.0
2023-09-15,754.0,932.0
2023-09-16,822.0,1105.0
2023-09-17,1050.0,1204.0
2023-09-18,1110.0,1168.0
2023-09-19,1170.0,1180.0
2023-09-20,1150.0,1161.0
2023-09-21,1130.0,1133.0
2023-09-22,1070.0,1031.0
2023-09-23,981.0,1001.0
2023-09-24,1000.0,1004.0
2023-09-25,969.0,992.0
2023-09-26,943.0,979.0
2023-09-27,859.0,774.0
2023-09-28,685.0,730.0
2023-09-29,703.0,736.0
2023-09-30,691.0,726.0
2023-10-01,681.0,725.0
2023-10-02,715.0,742.0
2023-10-03,744.0,754.0
2023-10-04,741.0,776.0
2023-10-05,750.0,781.0
2023-10-06,760.0,777.0
2023-10-07,725.0,761.0
2023-10-08,709.0,751.0
2023-10-09,709.0,747.0
2023-10-10,704.0,746.0
2023-10-11,675.0,664.0
2023-10-12,557.0,633.0
2023-10-13,535.0,640.0
2023-10-14,520.0,645.0
2023-10-15,533.0,650.0
2023-10-16,571.0,659.0
2023-10-17,610.0,660.0
2023-10-18,582.0,663.0
2023-10-19,562.0,651.0
2023-10-20,568.0,655.0
2023-10-21,568.0,658.0
2023-10-22,563.0,652.0
2023-10-23,552.0,648.0
2023-10-24,567.0,614.0
2023-10-25,510.0,607.0
2023-10-26,514.0,611.0
2023-10-27,565.0,646.0
2023-10-28,584.0,657.0
2023-10-29,596.0,691.0
2023-10-30,701.0,738.0
2023-10-31,772.0,707.0
2023-11-01,646.0,652.0
2023-11-02,640.0,648.0
2023-11-03,654.0,628.0
2023-11-04,606.0,581.0
2023-11-05,565.0,584.0
2023-11-06,565.0,567.0
2023-11-07,558.0,561.0
2023-11-08,580.0,568.0
2023-11-09,610.0,577.0
2023-11-10,595.0,568.0
2023-11-11,590.0,569.0
2023-11-12,579.0,568.0
2023-11-13,572.0,561.0
2023-11-14,575.0,561.0
2023-11-15,577.0,562.0
2023-11-16,577.0,556.0
2023-11-17,563.0,543.0
2023-11-18,553.0,539.0
2023-11-19,593.0,552.0
2023-11-20,604.0,555.0
2023-11-21,562.0,541.0
2023-11-22,553.0,536.0
2023-11-23,547.0,530.0
2023-11-24,559.0,540.0
2023-11-25,614.0,574.0
2023-11-26,568.0,554.0
2023-11-27,557.0,554.0
2023-11-28,528.0,534.0
2023-11-29,538.0,535.0
2023-11-30,547.0,533.0
2023-12-01,562.0,542.0
2023-12-02,572.0,544.0
2023-12-03,561.0,538.0
2023-12-04,551.0,534.0
2023-12-05,555.0,536.0
2023-12-06,557.0,534.0
2023-12-07,556.0,539.0
2023-12-08,546.0,535.0
2023-12-09,530.0,535.0
2023-12-10,523.0,526.0
2023-12-11,522.0,519.0
2023-12-12,544.0,520.0
2023-12-13,583.0,548.0
2023-12-14,682.0,549.0
2023-12-15,598.0,537.0
2023-12-16,571.0,523.0
2023-12-17,554.0,514.0
2023-12-18,542.0,508.0
2023-12-19,542.0,509.0
2023-12-20,546.0,508.0
2023-12-21,561.0,515.0
2023-12-22,563.0,520.0
2023-12-23,582.0,527.0
2023-12-24,589.0,536.0
2023-12-25,553.0,522.0
2023-12-26,526.0,506.0
2023-12-27,513.0,495.0
2023-12-28,517.0,498.0
2023-12-29,535.0,502.0
2023-12-30,540.0,510.0
2023-12-31,541.0,495.0
2024-01-01,542.0,501.0
2024-01-02,546.0,504.0
2024-01-03,545.0,503.0
2024-01-04,585.0,514.0
2024-01-05,554.0,503.0
2024-01-06,546.0,503.0
2024-01-07,536.0,499.0
2024-01-08,534.0,493.0
2024-01-09,519.0,490.0
2024-01-10,500.0,487.0
2024-01-11,534.0,493.0
2024-01-12,528.0,500.0
2024-01-13,551.0,509.0
2024-01-14,560.0,515.0
2024-01-15,539.0,504.0
2024-01-16,526.0,497.0
2024-01-17,524.0,502.0
2024-01-18,544.0,498.0
2024-01-19,536.0,492.0
2024-01-20,564.0,503.0
2024-01-21,583.0,498.0
2024-01-22,583.0,497.0
2024-01-23,550.0,493.0
2024-01-24,562.0,491.0
2024-01-25,550.0,491.0
2024-01-26,550.0,493.0
2024-01-27,549.0,498.0
2024-01-28,540.0,492.0
2024-01-29,529.0,484.0
2024-01-30,,487.0
2024-01-31,,523.0
2024-02-01,552.0,518.0
2024-02-02,621.0,549.0
2024-02-03,705.0,616.0
2024-02-04,597.0,582.0
2024-02-05,572.0,566.0
2024-02-06,549.0,547.0
2024-02-07,559.0,550.0
2024-02-08,590.0,564.0
2024-02-09,577.0,560.0
2024-02-10,561.0,585.0
2024-02-11,609.0,594.0
2024-02-12,611.0,595.0
2024-02-13,592.0,577.0
2024-02-14,587.0,571.0
2024-02-15,589.0,577.0
2024-02-16,599.0,579.0
2024-02-17,598.0,576.0
2024-02-18,594.0,581.0
2024-02-19,598.0,585.0
2024-02-20,586.0,575.0
2024-02-21,584.0,569.0
2024-02-22,564.0,574.0
2024-02-23,569.0,573.0
2024-02-24,575.0,571.0
2024-02-25,570.0,567.0
2024-02-26,567.0,566.0
2024-02-27,603.0,589.0
2024-02-28,637.0,622.0
2024-02-29,594.0,597.0
2024-03-01,577.0,585.0
2024-03-02,585.0,589.0
2024-03-03,581.0,584.0
2024-03-04,591.0,585.0
2024-03-05,602.0,586.0
2024-03-06,592.0,576.0
2024-03-07,566.0,569.0
2024-03-08,591.0,579.0
2024-03-09,589.0,573.0
2024-03-10,584.0,564.0
2024-03-11,572.0,559.0
2024-03-12,572.0,562.0
2024-03-13,584.0,574.0
2024-03-14,585.0,572.0
2024-03-15,637.0,595.0
2024-03-16,641.0,602.0
2024-03-17,719.0,637.0
2024-03-18,695.0,619.0
2024-03-19,637.0,569.0
2024-03-20,595.0,553.0
2024-03-21,591.0,559.0
2024-03-22,590.0,562.0
2024-03-23,587.0,560.0
2024-03-24,656.0,594.0
2024-03-25,681.0,611.0
2024-03-26,624.0,590.0
2024-03-27,598.0,569.0
2024-03-28,571.0,550.0
2024-03-29,550.0,541.0
2024-03-30,528.0,536.0
2024-03-31,531.0,533.0
2024-04-01,535.0,541.0
2024-04-02,542.0,555.0
2024-04-03,509.0,531.0
2024-04-04,507.0,578.0
2024-04-05,581.0,677.0
2024-04-06,757.0,750.0
2024-04-07,789.0,776.0
2024-04-08,756.0,748.0
2024-04-09,703.0,724.0
2024-04-10,657.0,701.0
2024-04-11,666.0,691.0
2024-04-12,660.0,691.0
2024-04-13,721.0,716.0
2024-04-14,833.0,785.0
2024-04-15,1010.0,952.0
2024-04-16,1080.0,899.0
2024-04-17,741.0,728.0
2024-04-18,739.0,710.0
2024-04-19,787.0,882.0
2024-04-20,867.0,988.0
2024-04-21,858.0,962.0
2024-04-22,861.0,974.0
2024-04-23,1050.0,1152.0
2024-04-24,1250.0,1260.0
2024-04-25,1600.0,1450.0
2024-04-26,1640.0,1474.0
2024-04-27,1300.0,1271.0
2024-04-28,1060.0,1111.0
2024-04-29,872.0,969.0
2024-04-30,729.0,867.0
2024-05-01,622.0,788.0
2024-05-02,605.0,790.0
2024-05-03,656.0,834.0
2024-05-04,816.0,977.0
2024-05-05,964.0,1094.0
2024-05-06,1050.0,1129.0
2024-05-07,870.0,983.0
2024-05-08,729.0,959.0
2024-05-09,810.0,945.0
2024-05-10,848.0,1002.0
2024-05-11,876.0,1025.0
2024-05-12,879.0,1021.0
2024-05-13,831.0,864.0
2024-05-14,645.0,810.0
2024-05-15,780.0,985.0
2024-05-16,888.0,1112.0
2024-05-17,1170.0,1342.0
2024-05-18,1650.0,1681.0
2024-05-19,1880.0,1871.0
2024-05-20,2090.0,2001.0
2024-05-21,2220.0,2089.0
2024-05-22,1740.0,1818.0
2024-05-23,1260.0,1509.0
2024-05-24,1250.0,1498.0
2024-05-25,1360.0,1578.0
2024-05-26,1330.0,1548.0
2024-05-27,1320.0,1570.0
2024-05-28,1600.0,1790.0
2024-05-29,1860.0,1998.0
2024-05-30,2100.0,2200.0
2024-05-31,,2300.0
2024-06-01,,2315.0
2024-06-02,2440.0,2462.0
2024-06-03,2670.0,2629.0
2024-06-04,,2608.0
2024-06-05,3010.0,2949.0
2024-06-06,3120.0,3127.0
2024-06-07,,3168.0
2024-06-08,2960.0,2968.0
2024-06-09,,2907.0
2024-06-10,,2672.0
2024-06-11,2410.0,2492.0
2024-06-12,2300.0,2423.0
2024-06-13,2120.0,2257.0
2024-06-14,1940.0,2103.0
2024-06-15,1930.0,2042.0
2024-06-16,1700.0,1874.0
2024-06-17,1520.0,1762.0
2024-06-18,1310.0,1569.0
2024-06-19,1150.0,1428.0
2024-06-20,1190.0,1376.0
2024-06-21,2980.0,2264.0
2024-06-22,4150.0,3289.0
2024-06-23,2790.0,2510.0
2024-06-24,2120.0,2049.0
2024-06-25,1800.0,1866.0
2024-06-26,1550.0,1682.0
2024-06-27,1460.0,1579.0
2024-06-28,1860.0,1825.0
2024-06-29,1870.0,1924.0
2024-06-30,1570.0,1664.0
2024-07-01,1790.0,1774.0
2024-07-02,3340.0,2353.0
2024-07-03,2390.0,2221.0
2024-07-04,1830.0,1975.0
2024-07-05,1650.0,1713.0
2024-07-06,1380.0,1436.0
2024-07-07,1190.0,1288.0
2024-07-08,995.0,1161.0
2024-07-09,843.0,1053.0
2024-07-10,723.0,955.0
2024-07-11,657.0,881.0
2024-07-12,585.0,797.0
2024-07-13,532.0,734.0
2024-07-14,502.0,694.0
2024-07-15,480.0,761.0
2024-07-16,564.0,777.0
2024-07-17,571.0,854.0
2024-07-18,639.0,856.0
2024-07-19,651.0,862.0
2024-07-20,665.0,858.0
2024-07-21,664.0,903.0
2024-07-22,823.0,978.0
2024-07-23,760.0,936.0
2024-07-24,696.0,861.0
2024-07-25,642.0,807.0
2024-07-26,653.0,811.0
2024-07-27,676.0,815.0
2024-07-28,671.0,805.0
2024-07-29,658.0,793.0
2024-07-30,644.0,773.8
2024-07-31,721.0,970.0
2024-08-01,861.0,1005.4
2024-08-02,909.0,987.3
2024-08-03,915.0,974.2
2024-08-04,989.0,982.9
2024-08-05,1130.0,1204.0
2024-08-06,988.0,1249.2
2024-08-07,1040.0,1239.3
2024-08-08,1180.0,1264.2
2024-08-09,1100.0,1277.9
2024-08-10,1070.0,1164.0
2024-08-11,1250.0,1307.0
2024-08-12,1800.0,1507.0
2024-08-13,1640.0,1389.0
2024-08-14,1610.0,1334.0
2024-08-15,1480.0,1147.0
2024-08-16,1090.0,997.0
2024-08-17,943.0,900.0
2024-08-18,872.0,864.0
2024-08-19,796.0,843.0
2024-08-20,741.0,829.0
2024-08-21,708.0,826.0
2024-08-22,776.0,824.0
2024-08-23,1150.0,1104.0
2024-08-24,1380.0,1362.0
2024-08-25,1420.0,1432.0
2024-08-26,1580.0,1565.0
2024-08-27,1830.0,1757.0
2024-08-28,1390.0,1487.0
2024-08-29,1140.0,1297.0
2024-08-30,1040.0,1184.0
2024-08-31,935.0,1082.0
2024-09-01,959.0,1007.0
2024-09-02,873.0,961.0
2024-09-03,791.0,913.0
2024-09-04,715.0,878.0
2024-09-05,661.0,827.0
2024-09-06,604.0,811.0
2024-09-07,631.0,798.0
2024-09-08,674.0,791.0
2024-09-09,657.0,766.0
2024-09-10,659.0,908.0
2024-09-11,762.0,948.0
2024-09-12,665.0,951.0
2024-09-13,635.0,934.0
2024-09-14,576.0,910.0
2024-09-15,554.0,888.0
2024-09-16,554.0,887.0
2024-09-17,844.0,1122.0
2024-09-18,1260.0,1292.0
2024-09-19,1140.0,1311.0
2024-09-20,1000.0,1168.0
2024-09-21,933.0,1105.0
2024-09-22,950.0,1099.0
2024-09-23,921.0,1068.0
2024-09-24,867.0,1008.0
2024-09-25,824.0,951.0
2024-09-26,780.0,914.0
2024-09-27,741.0,825.0
2024-09-28,649.0,800.0
2024-09-29,636.0,795.0
2024-09-30,631.0,795.0
2024-10-01,642.0,825.0
2024-10-02,689.0,787.0
2024-10-03,622.0,773.0
2024-10-04,598.0,769.0
2024-10-05,599.0,755.0
2024-10-06,597.0,750.0
2024-10-07,609.0,754.0
2024-10-08,594.0,749.0
2024-10-09,593.0,748.0
2024-10-10,586.0,750.0
2024-10-11,579.0,772.0
2024-10-12,674.0,815.0
2024-10-13,699.0,813.0
2024-10-14,705.0,817.0
2024-10-15,748.0,813.0
2024-10-16,823.0,824.0
2024-10-17,844.0,754.0
2024-10-18,796.0,733.0
2024-10-19,1260.0,887.0
2024-10-20,2320.0,1344.0
2024-10-21,1390.0,1028.0
2024-10-22,1200.0,917.0
2024-10-23,1070.0,856.0
2024-10-24,1040.0,828.0
2024-10-25,1020.0,818.0
2024-10-26,1040.0,815.0
2024-10-27,1020.0,810.0
2024-10-28,1010.0,811.0
2024-10-29,1040.0,855.0
2024-10-30,1170.0,901.0
2024-10-31,1070.0,882.0
2024-11-01,976.0,803.0
2024-11-02,921.0,769.0
2024-11-03,891.0,763.0
2024-11-04,873.0,752.0
2024-11-05,826.0,733.0
2024-11-06,789.0,729.0
2024-11-07,847.0,778.0
2024-11-08,872.0,771.0
2024-11-09,826.0,756.0
2024-11-10,786.0,740.0
2024-11-11,770.0,729.0
2024-11-12,782.0,733.0
2024-11-13,763.0,707.0
2024-11-14,767.0,713.0
2024-11-15,726.0,691.0
2024-11-16,719.0,701.0
2024-11-17,712.0,708.0
2024-11-18,693.0,883.0
2024-11-19,936.0,1022.0
2024-11-20,904.0,1016.0
2024-11-21,867.0,992.0
2024-11-22,920.0,1224.0
2024-11-23,1270.0,1415.0
2024-11-24,1280.0,1426.0
2024-11-25,1270.0,1418.0
2024-11-26,1200.0,1423.0
2024-11-27,1230.0,1234.0
2024-11-28,916.0,1019.0
2024-11-29,825.0,985.0
2024-11-30,847.0,960.0
2024-12-01,895.0,960.0
2024-12-02,920.0,958.0
2024-12-03,935.0,813.0
2024-12-04,703.0,657.0
2024-12-05,687.0,658.0
2024-12-06,678.0,650.0
2024-12-07,667.0,643.0
2024-12-08,646.0,634.0
2024-12-09,619.0,632.0
2024-12-10,604.0,620.0
2024-12-11,570.0,596.0
2024-12-12,557.0,590.0
2024-12-13,543.0,600.0
2024-12-14,543.0,595.0
2024-12-15,536.0,599.0
2024-12-16,542.0,597.0
2024-12-17,540.0,594.0
2024-12-18,529.0,586.0
2024-12-19,541.0,595.0
2024-12-20,530.0,587.0
2024-12-21,535.0,582.0
2024-12-22,529.0,573.0
2024-12-23,530.0,592.0
2024-12-24,534.0,596.0
2024-12-25,546.0,598.0
2024-12-26,552.0,594.0
2024-12-27,544.0,587.0
2024-12-28,544.0,586.0
2024-12-29,543.0,588.0
2024-12-30,539.0,587.0
2024-12-31,535.0,590.0
