time,patched_value_cfs,proxy_sum_q_cfs,proxy_adjusted_q_cfs
2020-08-20,1036.7199792704803,1083.4,1036.7199792704803
2020-08-21,1001.5199792704802,1048.2,1001.5199792704802
2020-08-22,965.5199792704802,1012.2,965.5199792704802
2020-08-23,964.0199792704802,1010.7,964.0199792704802
2020-08-24,966.5199792704802,1013.2,966.5199792704802
2020-08-25,962.3199792704802,1009.0,962.3199792704802
2020-08-26,977.8199792704802,1024.5,977.8199792704802
2020-08-27,966.6199792704801,1013.3,966.6199792704801
2020-08-28,966.71997927048,1013.4,966.71997927048
2020-08-29,890.8199792704802,937.5,890.8199792704802
2020-08-30,868.0199792704802,914.7,868.0199792704802
2020-08-31,849.21997927048,895.9,849.21997927048
2020-09-01,823.21997927048,869.9,823.21997927048
2020-09-02,822.6199792704801,869.3,822.6199792704801
2020-09-03,890.71997927048,937.4,890.71997927048
2020-09-04,913.8199792704802,960.5,913.8199792704802
2020-09-05,902.1199792704801,948.8,902.1199792704801
2020-09-06,899.9199792704801,946.6,899.9199792704801
2020-09-07,913.0199792704802,959.7,913.0199792704802
2020-09-08,912.21997927048,958.9,912.21997927048
2020-09-09,834.6199792704801,881.3,834.6199792704801
2020-09-10,945.3199792704802,992.0,945.3199792704802
2020-09-11,980.3199792704802,1027.0,980.3199792704802
2020-09-12,909.3199792704802,956.0,909.3199792704802
2020-09-13,881.3199792704802,928.0,881.3199792704802
2020-09-14,875.3199792704802,922.0,875.3199792704802
2020-09-15,845.3199792704802,892.0,845.3199792704802
2020-09-16,749.5199792704802,796.2,749.5199792704802
2020-09-17,705.8199792704802,752.5,705.8199792704802
2020-09-18,735.1199792704801,781.8,735.1199792704801
2020-09-19,750.4199792704801,797.1,750.4199792704801
2020-09-20,738.3199792704802,785.0,738.3199792704802
2020-09-21,736.5199792704802,783.2,736.5199792704802
2020-09-22,741.3199792704802,788.0,741.3199792704802
2020-09-23,759.71997927048,806.4,759.71997927048
2020-09-24,748.3199792704802,795.0,748.3199792704802
2020-09-25,739.71997927048,786.4,739.71997927048
2020-09-26,731.4199792704801,778.1,731.4199792704801
2020-09-27,725.71997927048,772.4,725.71997927048
2020-09-28,720.4199792704801,767.1,720.4199792704801
2020-09-29,719.6199792704801,766.3,719.6199792704801
2020-09-30,722.5199792704802,769.2,722.5199792704802
2020-10-01,723.4199792704801,770.1,723.4199792704801
2020-10-02,728.4199792704801,775.1,728.4199792704801
2020-10-03,732.4199792704801,779.1,732.4199792704801
2020-10-04,736.3199792704802,783.0,736.3199792704802
2020-10-05,737.5199792704802,784.2,737.5199792704802
2020-10-06,738.8199792704802,785.5,738.8199792704802
2020-10-07,731.3199792704802,778.0,731.3199792704802
2020-10-08,726.5199792704802,773.2,726.5199792704802
2020-10-09,724.1199792704801,770.8,724.1199792704801
2020-10-10,725.71997927048,772.4,725.71997927048
2020-10-11,725.0199792704802,771.7,725.0199792704802
2020-10-12,730.21997927048,776.9,730.21997927048
2020-10-13,723.21997927048,769.9,723.21997927048
2020-10-14,725.6199792704801,772.3,725.6199792704801
2020-10-15,722.1199792704801,768.8,722.1199792704801
2020-10-16,719.8199792704802,766.5,719.8199792704802
2020-10-17,731.0199792704802,777.7,731.0199792704802
2020-10-18,741.5199792704802,788.2,741.5199792704802
2020-10-19,757.8199792704802,804.5,757.8199792704802
2020-10-20,704.1199792704801,750.8,704.1199792704801
2020-10-21,680.71997927048,727.4,680.71997927048
2020-10-22,632.5199792704802,679.2,632.5199792704802
2020-10-23,608.71997927048,655.4,608.71997927048
2020-10-24,611.71997927048,658.4,611.71997927048
2020-10-25,635.4199792704801,682.1,635.4199792704801
2020-10-26,740.3199792704802,787.0,740.3199792704802
2020-10-27,706.3199792704802,753.0,706.3199792704802
2020-10-28,683.3199792704802,730.0,683.3199792704802
2020-10-29,676.3199792704802,723.0,676.3199792704802
2020-10-30,662.3199792704802,709.0,662.3199792704802
2020-10-31,668.3199792704802,715.0,668.3199792704802
2020-11-01,667.3199792704802,714.0,667.3199792704802
2020-11-02,599.3199792704802,646.0,599.3199792704802
2020-11-03,572.3199792704802,619.0,572.3199792704802
2020-11-04,573.3199792704802,620.0,573.3199792704802
2020-11-05,574.3199792704802,621.0,574.3199792704802
2020-11-06,577.3199792704802,624.0,577.3199792704802
2020-11-07,586.3199792704802,633.0,586.3199792704802
2020-11-08,637.3199792704802,684.0,637.3199792704802
2020-11-09,595.3199792704802,642.0,595.3199792704802
2020-11-10,526.3199792704802,573.0,526.3199792704802
2020-11-11,494.31997927048013,541.0,494.31997927048013
2020-11-12,475.31997927048013,522.0,475.31997927048013
2020-11-13,470.31997927048013,517.0,470.31997927048013
2020-11-14,464.31997927048013,511.0,464.31997927048013
2020-11-15,462.31997927048013,509.0,462.31997927048013
2020-11-16,468.31997927048013,515.0,468.31997927048013
2020-11-17,467.31997927048013,514.0,467.31997927048013
2020-11-18,469.31997927048013,516.0,469.31997927048013
2020-11-19,466.31997927048013,513.0,466.31997927048013
2020-11-20,464.31997927048013,511.0,464.31997927048013
2020-11-21,499.31997927048013,546.0,499.31997927048013
2020-11-22,516.3199792704802,563.0,516.3199792704802
2020-11-23,521.3199792704802,568.0,521.3199792704802
2020-11-24,516.3199792704802,563.0,516.3199792704802
2020-11-25,513.3199792704802,560.0,513.3199792704802
2020-11-26,512.3199792704802,559.0,512.3199792704802
2020-11-27,503.31997927048013,550.0,503.31997927048013
2020-11-28,503.31997927048013,550.0,503.31997927048013
2020-11-29,500.31997927048013,547.0,500.31997927048013
2020-11-30,497.31997927048013,544.0,497.31997927048013
2020-12-01,495.31997927048013,542.0,495.31997927048013
2020-12-02,497.31997927048013,544.0,497.31997927048013
2020-12-03,488.31997927048013,535.0,488.31997927048013
2020-12-04,485.31997927048013,532.0,485.31997927048013
2020-12-05,500.31997927048013,547.0,500.31997927048013
2020-12-06,482.31997927048013,529.0,482.31997927048013
2020-12-07,490.31997927048013,537.0,490.31997927048013
2020-12-08,490.31997927048013,537.0,490.31997927048013
2020-12-09,486.31997927048013,533.0,486.31997927048013
2020-12-10,486.31997927048013,533.0,486.31997927048013
2020-12-11,496.31997927048013,543.0,496.31997927048013
2020-12-12,496.31997927048013,543.0,496.31997927048013
2020-12-13,478.31997927048013,525.0,478.31997927048013
2020-12-14,479.31997927048013,526.0,479.31997927048013
2020-12-15,485.31997927048013,532.0,485.31997927048013
2020-12-16,444.31997927048013,491.0,444.31997927048013
2020-12-17,424.31997927048013,471.0,424.31997927048013
2020-12-18,483.31997927048013,530.0,483.31997927048013
2020-12-19,474.31997927048013,521.0,474.31997927048013
2020-12-20,482.31997927048013,529.0,482.31997927048013
2020-12-21,479.31997927048013,526.0,479.31997927048013
2020-12-22,471.31997927048013,518.0,471.31997927048013
2020-12-23,479.31997927048013,526.0,479.31997927048013
2020-12-24,478.31997927048013,525.0,478.31997927048013
2020-12-25,481.31997927048013,528.0,481.31997927048013
2020-12-26,478.31997927048013,525.0,478.31997927048013
2020-12-27,476.31997927048013,523.0,476.31997927048013
2020-12-28,493.31997927048013,540.0,493.31997927048013
2020-12-29,494.31997927048013,541.0,494.31997927048013
2020-12-30,470.31997927048013,517.0,470.31997927048013
2020-12-31,480.31997927048013,527.0,480.31997927048013
2021-01-01,486.31997927048013,533.0,486.31997927048013
2021-01-02,474.31997927048013,521.0,474.31997927048013
2021-01-03,481.31997927048013,528.0,481.31997927048013
2021-01-04,482.31997927048013,529.0,482.31997927048013
2021-01-05,492.31997927048013,539.0,492.31997927048013
2021-01-06,481.31997927048013,528.0,481.31997927048013
2021-01-07,492.31997927048013,539.0,492.31997927048013
2021-01-08,485.31997927048013,532.0,485.31997927048013
2021-01-09,525.3199792704802,572.0,525.3199792704802
2021-01-10,531.3199792704802,578.0,531.3199792704802
2021-01-11,517.3199792704802,564.0,517.3199792704802
2021-01-12,514.3199792704802,561.0,514.3199792704802
2021-01-13,527.3199792704802,574.0,527.3199792704802
2021-01-14,519.3199792704802,566.0,519.3199792704802
2021-01-15,534.3199792704802,581.0,534.3199792704802
2021-01-16,531.3199792704802,578.0,531.3199792704802
2021-01-17,532.3199792704802,579.0,532.3199792704802
2021-01-18,526.3199792704802,573.0,526.3199792704802
2021-01-19,555.3199792704802,602.0,555.3199792704802
2021-01-20,536.3199792704802,583.0,536.3199792704802
2021-01-21,528.3199792704802,575.0,528.3199792704802
2021-01-22,536.3199792704802,583.0,536.3199792704802
2021-01-23,531.3199792704802,578.0,531.3199792704802
2021-01-24,545.3199792704802,592.0,545.3199792704802
2021-01-25,547.3199792704802,594.0,547.3199792704802
2021-01-26,538.3199792704802,585.0,538.3199792704802
2021-01-27,512.3199792704802,559.0,512.3199792704802
2021-01-28,509.31997927048013,556.0,509.31997927048013
2021-01-29,517.3199792704802,564.0,517.3199792704802
2021-01-30,533.3199792704802,580.0,533.3199792704802
2021-01-31,530.3199792704802,577.0,530.3199792704802
2021-02-01,516.3199792704802,563.0,516.3199792704802
2021-02-02,511.31997927048013,558.0,511.31997927048013
2021-02-03,527.3199792704802,574.0,527.3199792704802
2021-02-04,542.3199792704802,589.0,542.3199792704802
2021-02-05,536.3199792704802,583.0,536.3199792704802
2021-02-06,527.3199792704802,574.0,527.3199792704802
2021-02-07,518.3199792704802,565.0,518.3199792704802
2021-02-08,518.3199792704802,565.0,518.3199792704802
2021-02-09,498.31997927048013,545.0,498.31997927048013
2021-02-10,494.31997927048013,541.0,494.31997927048013
2021-02-11,504.31997927048013,551.0,504.31997927048013
2021-02-12,501.31997927048013,548.0,501.31997927048013
2021-02-13,511.31997927048013,558.0,511.31997927048013
2021-02-14,542.3199792704802,589.0,542.3199792704802
2021-02-15,527.3199792704802,574.0,527.3199792704802
2021-02-16,527.3199792704802,574.0,527.3199792704802
2021-02-17,516.3199792704802,563.0,516.3199792704802
2021-02-18,515.3199792704802,562.0,515.3199792704802
2021-02-19,494.31997927048013,541.0,494.31997927048013
2021-02-20,494.31997927048013,541.0,494.31997927048013
2021-02-21,511.31997927048013,558.0,511.31997927048013
2021-02-22,516.3199792704802,563.0,516.3199792704802
2021-02-23,518.3199792704802,565.0,518.3199792704802
2021-02-24,513.3199792704802,560.0,513.3199792704802
2021-02-25,511.31997927048013,558.0,511.31997927048013
2021-02-26,518.3199792704802,565.0,518.3199792704802
2021-02-27,510.31997927048013,557.0,510.31997927048013
2021-02-28,509.31997927048013,556.0,509.31997927048013
2021-03-01,507.31997927048013,554.0,507.31997927048013
2021-03-02,490.31997927048013,537.0,490.31997927048013
2021-03-03,489.31997927048013,536.0,489.31997927048013
2021-03-04,517.3199792704802,564.0,517.3199792704802
2021-03-05,537.3199792704802,584.0,537.3199792704802
2021-03-06,532.3199792704802,579.0,532.3199792704802
2021-03-07,521.3199792704802,568.0,521.3199792704802
2021-03-08,518.3199792704802,565.0,518.3199792704802
2021-03-09,518.3199792704802,565.0,518.3199792704802
2021-03-10,515.3199792704802,562.0,515.3199792704802
2021-03-11,515.3199792704802,562.0,515.3199792704802
2021-03-12,514.3199792704802,561.0,514.3199792704802
2021-03-13,511.31997927048013,558.0,511.31997927048013
2021-03-14,514.3199792704802,561.0,514.3199792704802
2021-03-15,513.3199792704802,560.0,513.3199792704802
2021-03-16,509.31997927048013,556.0,509.31997927048013
2021-03-17,512.3199792704802,559.0,512.3199792704802
2021-03-18,512.3199792704802,559.0,512.3199792704802
2021-03-19,510.31997927048013,557.0,510.31997927048013
2021-03-20,507.31997927048013,554.0,507.31997927048013
2021-03-21,492.31997927048013,539.0,492.31997927048013
2021-03-22,479.31997927048013,526.0,479.31997927048013
2021-03-23,487.31997927048013,534.0,487.31997927048013
2021-03-24,514.3199792704802,561.0,514.3199792704802
2021-03-25,526.3199792704802,573.0,526.3199792704802
2021-03-26,525.3199792704802,572.0,525.3199792704802
2021-03-27,530.3199792704802,577.0,530.3199792704802
2021-03-28,516.3199792704802,563.0,516.3199792704802
2021-03-29,489.31997927048013,536.0,489.31997927048013
2021-03-30,475.31997927048013,522.0,475.31997927048013
2021-03-31,483.31997927048013,530.0,483.31997927048013
2021-04-01,490.31997927048013,537.0,490.31997927048013
2021-04-02,503.31997927048013,550.0,503.31997927048013
2021-04-03,503.31997927048013,550.0,503.31997927048013
2021-04-04,515.3199792704802,562.0,515.3199792704802
2021-04-05,536.3199792704802,583.0,536.3199792704802
2021-04-06,559.3199792704802,606.0,559.3199792704802
2021-04-07,585.3199792704802,632.0,585.3199792704802
2021-04-08,573.3199792704802,620.0,573.3199792704802
2021-04-09,628.3199792704802,675.0,628.3199792704802
2021-04-10,633.3199792704802,680.0,633.3199792704802
2021-04-11,618.3199792704802,665.0,618.3199792704802
2021-04-12,624.3199792704802,671.0,624.3199792704802
2021-04-13,632.3199792704802,679.0,632.3199792704802
2021-04-14,661.3199792704802,708.0,661.3199792704802
2021-04-15,640.3199792704802,687.0,640.3199792704802
2021-04-16,645.3199792704802,692.0,645.3199792704802
2021-04-17,635.3199792704802,682.0,635.3199792704802
2021-04-18,610.3199792704802,657.0,610.3199792704802
2021-04-19,582.3199792704802,629.0,582.3199792704802
2021-04-20,550.21997927048,596.9,550.21997927048
2021-04-21,577.21997927048,623.9,577.21997927048
2021-04-22,635.0199792704802,681.7,635.0199792704802
2021-04-23,642.1199792704801,688.8,642.1199792704801
2021-04-24,719.8199792704802,766.5,719.8199792704802
2021-04-25,737.0199792704802,783.7,737.0199792704802
2021-04-26,720.4199792704801,767.1,720.4199792704801
2021-04-27,733.4199792704801,780.1,733.4199792704801
2021-04-28,808.3199792704802,855.0,808.3199792704802
2021-04-29,814.3199792704802,861.0,814.3199792704802
2021-04-30,774.1199792704801,820.8,774.1199792704801
2021-05-01,680.1199792704801,726.8,680.1199792704801
2021-05-02,749.3199792704802,796.0,749.3199792704802
2021-05-03,1000.3199792704802,1047.0,1000.3199792704802
2021-05-04,1052.3199792704802,1099.0,1052.3199792704802
2021-05-05,886.3199792704802,933.0,886.3199792704802
2021-05-06,839.3199792704802,886.0,839.3199792704802
2021-05-07,959.3199792704802,1006.0,959.3199792704802
2021-05-08,1154.3199792704802,1201.0,1154.3199792704802
2021-05-09,1205.3199792704802,1252.0,1205.3199792704802
2021-05-10,963.3199792704802,1010.0,963.3199792704802
2021-05-11,927.3199792704802,974.0,927.3199792704802
2021-05-12,769.3199792704802,816.0,769.3199792704802
2021-05-13,733.3199792704802,780.0,733.3199792704802
2021-05-14,834.3199792704802,881.0,834.3199792704802
2021-05-15,921.3199792704802,968.0,921.3199792704802
2021-05-16,1046.3199792704802,1093.0,1046.3199792704802
2021-05-17,1259.3199792704802,1306.0,1259.3199792704802
2021-05-18,1317.3199792704802,1364.0,1317.3199792704802
2021-05-19,1147.3199792704802,1194.0,1147.3199792704802
2021-05-20,1015.3199792704802,1062.0,1015.3199792704802
2021-05-21,1203.3199792704802,1250.0,1203.3199792704802
2021-05-22,1677.3199792704802,1724.0,1677.3199792704802
2021-05-23,1617.3199792704802,1664.0,1617.3199792704802
2021-05-24,1517.3199792704802,1564.0,1517.3199792704802
2021-05-25,1406.3199792704802,1453.0,1406.3199792704802
2021-05-26,1477.3199792704802,1524.0,1477.3199792704802
2021-05-27,1517.3199792704802,1564.0,1517.3199792704802
2021-05-28,1458.3199792704802,1505.0,1458.3199792704802
2021-05-29,1577.3199792704802,1624.0,1577.3199792704802
2021-05-30,1646.3199792704802,1693.0,1646.3199792704802
2021-05-31,1726.3199792704802,1773.0,1726.3199792704802
2021-06-01,1705.3199792704802,1752.0,1705.3199792704802
2021-06-02,1466.3199792704802,1513.0,1466.3199792704802
2021-06-03,1583.3199792704802,1630.0,1583.3199792704802
2021-06-04,1975.3199792704802,2022.0,1975.3199792704802
2021-06-05,2683.31997927048,2730.0,2683.31997927048
2021-06-06,2914.31997927048,2961.0,2914.31997927048
2021-06-07,2652.31997927048,2699.0,2652.31997927048
2021-06-08,2410.31997927048,2457.0,2410.31997927048
2021-06-09,2160.31997927048,2207.0,2160.31997927048
2021-06-10,1940.3199792704802,1987.0,1940.3199792704802
2021-06-11,1809.3199792704802,1856.0,1809.3199792704802
2021-06-12,1798.3199792704802,1845.0,1798.3199792704802
2021-06-13,1718.3199792704802,1765.0,1718.3199792704802
2021-06-14,1597.3199792704802,1644.0,1597.3199792704802
2021-06-15,1506.3199792704802,1553.0,1506.3199792704802
2021-06-16,1426.3199792704802,1473.0,1426.3199792704802
2021-06-17,1376.3199792704802,1423.0,1376.3199792704802
2021-06-18,1314.3199792704802,1361.0,1314.3199792704802
2021-06-19,1185.3199792704802,1232.0,1185.3199792704802
2021-06-20,1105.3199792704802,1152.0,1105.3199792704802
2021-06-21,1087.3199792704802,1134.0,1087.3199792704802
2021-06-22,990.3199792704802,1037.0,990.3199792704802
2021-06-23,906.3199792704802,953.0,906.3199792704802
2021-06-24,855.3199792704802,902.0,855.3199792704802
2021-06-25,951.3199792704802,998.0,951.3199792704802
2021-06-26,1031.3199792704802,1078.0,1031.3199792704802
2021-06-27,982.3199792704802,1029.0,982.3199792704802
2021-06-28,958.3199792704802,1005.0,958.3199792704802
2021-06-29,809.3199792704802,856.0,809.3199792704802
2021-06-30,898.3199792704802,945.0,898.3199792704802
2021-07-01,1093.3199792704802,1140.0,1093.3199792704802
2021-07-02,1051.3199792704802,1098.0,1051.3199792704802
2021-07-03,998.3199792704802,1045.0,998.3199792704802
2021-07-04,969.3199792704802,1016.0,969.3199792704802
2021-07-05,971.3199792704802,1018.0,971.3199792704802
2021-07-06,974.3199792704802,1021.0,974.3199792704802
2021-07-07,990.3199792704802,1037.0,990.3199792704802
2021-07-08,916.3199792704802,963.0,916.3199792704802
2021-07-09,858.3199792704802,905.0,858.3199792704802
2021-07-10,811.3199792704802,858.0,811.3199792704802
2021-07-11,765.3199792704802,812.0,765.3199792704802
2021-07-12,735.3199792704802,782.0,735.3199792704802
2021-07-13,799.3199792704802,846.0,799.3199792704802
2021-07-14,835.3199792704802,882.0,835.3199792704802
2021-07-15,973.3199792704802,1020.0,973.3199792704802
2021-07-16,939.3199792704802,986.0,939.3199792704802
2021-07-17,862.3199792704802,909.0,862.3199792704802
2021-07-18,840.3199792704802,887.0,840.3199792704802
2021-07-19,840.3199792704802,887.0,840.3199792704802
2021-07-20,846.3199792704802,893.0,846.3199792704802
2021-07-21,823.3199792704802,870.0,823.3199792704802
2021-07-22,713.3199792704802,760.0,713.3199792704802
2021-07-23,671.3199792704802,718.0,671.3199792704802
2021-07-24,636.3199792704802,683.0,636.3199792704802
2021-07-25,876.3199792704802,923.0,876.3199792704802
2021-07-26,1145.3199792704802,1192.0,1145.3199792704802
2021-07-27,1331.3199792704802,1378.0,1331.3199792704802
2021-07-28,1945.3199792704802,1992.0,1945.3199792704802
2021-07-29,1325.3199792704802,1372.0,1325.3199792704802
2021-07-30,1181.3199792704802,1228.0,1181.3199792704802
2021-07-31,1241.3199792704802,1288.0,1241.3199792704802
2021-08-01,1216.3199792704802,1263.0,1216.3199792704802
2021-08-02,1147.3199792704802,1194.0,1147.3199792704802
2021-08-03,1044.3199792704802,1091.0,1044.3199792704802
2021-08-04,928.3199792704802,975.0,928.3199792704802
2021-08-05,815.3199792704802,862.0,815.3199792704802
2021-08-06,805.3199792704802,852.0,805.3199792704802
2021-08-07,818.3199792704802,865.0,818.3199792704802
2021-08-08,891.3199792704802,938.0,891.3199792704802
2021-08-09,840.3199792704802,887.0,840.3199792704802
2021-08-10,796.3199792704802,843.0,796.3199792704802
2021-08-11,762.3199792704802,809.0,762.3199792704802
2021-08-12,820.1199792704801,866.8,820.1199792704801
2021-08-13,840.1199792704801,886.8,840.1199792704801
2021-08-14,900.3199792704802,947.0,900.3199792704802
2021-08-15,956.3199792704802,1003.0,956.3199792704802
2021-08-16,1091.3199792704802,1138.0,1091.3199792704802
2021-08-17,909.3199792704802,956.0,909.3199792704802
2021-08-18,809.3199792704802,856.0,809.3199792704802
2021-08-19,793.3199792704802,840.0,793.3199792704802
2021-08-20,819.3199792704802,866.0,819.3199792704802
2021-08-21,934.3199792704802,981.0,934.3199792704802
2021-08-22,916.3199792704802,963.0,916.3199792704802
2021-08-23,845.3199792704802,892.0,845.3199792704802
2021-08-24,799.3199792704802,846.0,799.3199792704802
2021-08-25,752.3199792704802,799.0,752.3199792704802
2021-08-26,729.8199792704802,776.5,729.8199792704802
2021-08-27,756.21997927048,802.9,756.21997927048
2021-08-28,754.3199792704802,801.0,754.3199792704802
2021-08-29,746.21997927048,792.9,746.21997927048
2021-08-30,740.4199792704801,787.1,740.4199792704801
2021-08-31,735.21997927048,781.9,735.21997927048
2021-09-01,757.71997927048,804.4,757.71997927048
2021-09-02,1094.3199792704802,1141.0,1094.3199792704802
2021-09-03,956.3199792704802,1003.0,956.3199792704802
2021-09-04,933.3199792704802,980.0,933.3199792704802
2021-09-05,907.3199792704802,954.0,907.3199792704802
2021-09-06,887.3199792704802,934.0,887.3199792704802
2021-09-07,859.3199792704802,906.0,859.3199792704802
2021-09-08,803.3199792704802,850.0,803.3199792704802
2021-09-09,776.71997927048,823.4,776.71997927048
2021-09-10,770.4199792704801,817.1,770.4199792704801
2021-09-11,765.6199792704801,812.3,765.6199792704801
2021-09-12,759.1199792704801,805.8,759.1199792704801
2021-09-13,756.8199792704802,803.5,756.8199792704802
2021-09-14,814.21997927048,860.9,814.21997927048
2021-09-15,834.0199792704802,880.7,834.0199792704802
2021-09-16,846.21997927048,892.9,846.21997927048
2021-09-17,880.1199792704801,926.8,880.1199792704801
2021-09-18,894.9199792704801,941.6,894.9199792704801
2021-09-19,899.8199792704802,946.5,899.8199792704802
2021-09-20,898.4199792704801,945.1,898.4199792704801
2021-09-21,881.71997927048,928.4,881.71997927048
2021-09-22,878.71997927048,925.4,878.71997927048
2021-09-23,842.3199792704802,889.0,842.3199792704802
2021-09-24,789.6199792704801,836.3,789.6199792704801
2021-09-25,791.5199792704802,838.2,791.5199792704802
2021-09-26,794.3199792704802,841.0,794.3199792704802
2021-09-27,797.3199792704802,844.0,797.3199792704802
2021-09-28,799.3199792704802,846.0,799.3199792704802
2021-09-29,756.5199792704802,803.2,756.5199792704802
2021-09-30,725.21997927048,771.9,725.21997927048
2021-10-01,785.3199792704802,832.0,785.3199792704802
2021-10-02,835.3199792704802,882.0,835.3199792704802
2021-10-03,807.3199792704802,854.0,807.3199792704802
2021-10-04,724.3199792704802,771.0,724.3199792704802
2021-10-05,619.3199792704802,666.0,619.3199792704802
2021-10-06,642.3199792704802,689.0,642.3199792704802
2021-10-07,642.3199792704802,689.0,642.3199792704802
2021-10-08,639.3199792704802,686.0,639.3199792704802
2021-10-09,646.3199792704802,693.0,646.3199792704802
2021-10-10,648.3199792704802,695.0,648.3199792704802
2021-10-11,716.3199792704802,763.0,716.3199792704802
2021-10-12,749.3199792704802,796.0,749.3199792704802
2021-10-13,778.3199792704802,825.0,778.3199792704802
2021-10-14,765.3199792704802,812.0,765.3199792704802
2021-10-15,764.3199792704802,811.0,764.3199792704802
2021-10-16,757.3199792704802,804.0,757.3199792704802
2021-10-17,755.3199792704802,802.0,755.3199792704802
2021-10-18,689.3199792704802,736.0,689.3199792704802
2021-10-19,673.3199792704802,720.0,673.3199792704802
2021-10-20,686.3199792704802,733.0,686.3199792704802
2021-10-21,683.3199792704802,730.0,683.3199792704802
2021-10-22,662.3199792704802,709.0,662.3199792704802
2021-10-23,653.3199792704802,700.0,653.3199792704802
2021-10-24,648.3199792704802,695.0,648.3199792704802
2021-10-25,640.3199792704802,687.0,640.3199792704802
2021-10-26,614.3199792704802,661.0,614.3199792704802
2021-10-27,594.3199792704802,641.0,594.3199792704802
2021-10-28,613.3199792704802,660.0,613.3199792704802
2021-10-29,608.3199792704802,655.0,608.3199792704802
2021-10-30,612.3199792704802,659.0,612.3199792704802
2021-10-31,621.3199792704802,668.0,621.3199792704802
2021-11-01,623.3199792704802,670.0,623.3199792704802
2021-11-02,583.3199792704802,630.0,583.3199792704802
2021-11-03,576.3199792704802,623.0,576.3199792704802
2021-11-04,577.3199792704802,624.0,577.3199792704802
2021-11-05,566.3199792704802,613.0,566.3199792704802
2021-11-06,553.3199792704802,600.0,553.3199792704802
2021-11-07,546.3199792704802,593.0,546.3199792704802
2021-11-08,544.3199792704802,591.0,544.3199792704802
2021-11-09,530.3199792704802,577.0,530.3199792704802
2021-11-10,530.3199792704802,577.0,530.3199792704802
2021-11-11,533.3199792704802,580.0,533.3199792704802
2021-11-12,533.3199792704802,580.0,533.3199792704802
2021-11-13,534.3199792704802,581.0,534.3199792704802
2021-11-14,528.3199792704802,575.0,528.3199792704802
2021-11-15,530.3199792704802,577.0,530.3199792704802
2021-11-16,526.3199792704802,573.0,526.3199792704802
2021-11-17,521.3199792704802,568.0,521.3199792704802
2021-11-18,525.3199792704802,572.0,525.3199792704802
2021-11-19,519.3199792704802,566.0,519.3199792704802
2021-11-20,506.31997927048013,553.0,506.31997927048013
2021-11-21,510.31997927048013,557.0,510.31997927048013
2021-11-22,512.3199792704802,559.0,512.3199792704802
2021-11-23,505.31997927048013,552.0,505.31997927048013
2021-11-24,511.31997927048013,558.0,511.31997927048013
2021-11-25,510.31997927048013,557.0,510.31997927048013
2021-11-26,509.31997927048013,556.0,509.31997927048013
2021-11-27,493.31997927048013,540.0,493.31997927048013
2021-11-28,501.31997927048013,548.0,501.31997927048013
2021-11-29,504.31997927048013,551.0,504.31997927048013
2021-11-30,496.31997927048013,543.0,496.31997927048013
2021-12-01,486.31997927048013,533.0,486.31997927048013
2021-12-02,486.31997927048013,533.0,486.31997927048013
2021-12-03,492.31997927048013,539.0,492.31997927048013
2021-12-04,491.31997927048013,538.0,491.31997927048013
2021-12-05,489.31997927048013,536.0,489.31997927048013
2021-12-06,489.31997927048013,536.0,489.31997927048013
2021-12-07,487.31997927048013,534.0,487.31997927048013
2021-12-08,487.31997927048013,534.0,487.31997927048013
2021-12-09,495.31997927048013,542.0,495.31997927048013
2021-12-10,552.3199792704802,599.0,552.3199792704802
2021-12-11,492.31997927048013,539.0,492.31997927048013
2021-12-12,443.31997927048013,490.0,443.31997927048013
2021-12-13,435.31997927048013,482.0,435.31997927048013
2021-12-14,455.31997927048013,502.0,455.31997927048013
2021-12-15,466.31997927048013,513.0,466.31997927048013
2021-12-16,466.31997927048013,513.0,466.31997927048013
2021-12-17,458.31997927048013,505.0,458.31997927048013
2021-12-18,438.31997927048013,485.0,438.31997927048013
2021-12-19,436.31997927048013,483.0,436.31997927048013
2021-12-20,432.31997927048013,479.0,432.31997927048013
2021-12-21,427.31997927048013,474.0,427.31997927048013
2021-12-22,425.31997927048013,472.0,425.31997927048013
2021-12-23,446.31997927048013,493.0,446.31997927048013
2021-12-24,549.3199792704802,596.0,549.3199792704802
2021-12-25,691.3199792704802,738.0,691.3199792704802
2021-12-26,540.3199792704802,587.0,540.3199792704802
2021-12-27,506.31997927048013,553.0,506.31997927048013
2021-12-28,489.31997927048013,536.0,489.31997927048013
2021-12-29,490.31997927048013,537.0,490.31997927048013
2021-12-30,486.31997927048013,533.0,486.31997927048013
2021-12-31,483.31997927048013,530.0,483.31997927048013
2022-01-01,485.31997927048013,532.0,485.31997927048013
2022-01-02,467.31997927048013,514.0,467.31997927048013
2022-01-03,438.31997927048013,485.0,438.31997927048013
2022-01-04,484.31997927048013,531.0,484.31997927048013
2022-01-05,508.31997927048013,555.0,508.31997927048013
2022-01-06,526.3199792704802,573.0,526.3199792704802
2022-01-07,535.3199792704802,582.0,535.3199792704802
2022-01-08,529.3199792704802,576.0,529.3199792704802
2022-01-09,522.3199792704802,569.0,522.3199792704802
2022-01-10,514.3199792704802,561.0,514.3199792704802
2022-01-11,498.31997927048013,545.0,498.31997927048013
2022-01-12,479.31997927048013,526.0,479.31997927048013
2022-01-13,517.3199792704802,564.0,517.3199792704802
2022-01-14,543.3199792704802,590.0,543.3199792704802
2022-01-15,548.3199792704802,595.0,548.3199792704802
2022-01-16,536.3199792704802,583.0,536.3199792704802
2022-01-17,536.3199792704802,583.0,536.3199792704802
2022-01-18,534.3199792704802,581.0,534.3199792704802
2022-01-19,541.3199792704802,588.0,541.3199792704802
2022-01-20,544.3199792704802,591.0,544.3199792704802
2022-01-21,543.3199792704802,590.0,543.3199792704802
2022-01-22,533.3199792704802,580.0,533.3199792704802
2022-01-23,533.3199792704802,580.0,533.3199792704802
2022-01-24,531.3199792704802,578.0,531.3199792704802
2022-01-25,525.3199792704802,572.0,525.3199792704802
2022-01-26,534.3199792704802,581.0,534.3199792704802
2022-01-27,536.3199792704802,583.0,536.3199792704802
2022-01-28,534.3199792704802,581.0,534.3199792704802
2022-01-29,524.3199792704802,571.0,524.3199792704802
2022-01-30,511.31997927048013,558.0,511.31997927048013
2022-01-31,523.3199792704802,570.0,523.3199792704802
2022-02-01,533.3199792704802,580.0,533.3199792704802
2022-02-02,543.3199792704802,590.0,543.3199792704802
2022-02-03,545.3199792704802,592.0,545.3199792704802
2022-02-04,532.3199792704802,579.0,532.3199792704802
2022-02-05,524.3199792704802,571.0,524.3199792704802
2022-02-06,531.3199792704802,578.0,531.3199792704802
2022-02-07,546.3199792704802,593.0,546.3199792704802
2022-02-08,546.3199792704802,593.0,546.3199792704802
2022-02-09,487.31997927048013,534.0,487.31997927048013
2022-02-10,468.31997927048013,515.0,468.31997927048013
2022-02-11,468.31997927048013,515.0,468.31997927048013
2022-02-12,468.31997927048013,515.0,468.31997927048013
2022-02-13,472.31997927048013,519.0,472.31997927048013
2022-02-14,466.31997927048013,513.0,466.31997927048013
2022-02-15,466.31997927048013,513.0,466.31997927048013
2022-02-16,469.31997927048013,516.0,469.31997927048013
2022-02-17,484.31997927048013,531.0,484.31997927048013
2022-02-18,477.31997927048013,524.0,477.31997927048013
2022-02-19,470.31997927048013,517.0,470.31997927048013
2022-02-20,460.31997927048013,507.0,460.31997927048013
2022-02-21,465.31997927048013,512.0,465.31997927048013
2022-02-22,470.31997927048013,517.0,470.31997927048013
2022-02-23,480.31997927048013,527.0,480.31997927048013
2022-02-24,478.31997927048013,525.0,478.31997927048013
2022-02-25,469.31997927048013,516.0,469.31997927048013
2022-02-26,504.31997927048013,551.0,504.31997927048013
2022-02-27,519.3199792704802,566.0,519.3199792704802
2022-02-28,517.3199792704802,564.0,517.3199792704802
2022-03-01,527.3199792704802,574.0,527.3199792704802
2022-03-02,536.3199792704802,583.0,536.3199792704802
2022-03-03,544.3199792704802,591.0,544.3199792704802
2022-03-04,547.3199792704802,594.0,547.3199792704802
2022-03-05,558.3199792704802,605.0,558.3199792704802
2022-03-06,578.3199792704802,625.0,578.3199792704802
2022-03-07,565.3199792704802,612.0,565.3199792704802
2022-03-08,551.3199792704802,598.0,551.3199792704802
2022-03-09,542.3199792704802,589.0,542.3199792704802
2022-03-10,547.3199792704802,594.0,547.3199792704802
2022-03-11,547.3199792704802,594.0,547.3199792704802
2022-03-12,545.3199792704802,592.0,545.3199792704802
2022-03-13,534.3199792704802,581.0,534.3199792704802
2022-03-14,533.3199792704802,580.0,533.3199792704802
2022-03-15,544.3199792704802,591.0,544.3199792704802
2022-03-16,545.3199792704802,592.0,545.3199792704802
2022-03-17,504.31997927048013,551.0,504.31997927048013
2022-03-18,498.31997927048013,545.0,498.31997927048013
2022-03-19,496.31997927048013,543.0,496.31997927048013
2022-03-20,490.31997927048013,537.0,490.31997927048013
2022-03-21,492.31997927048013,539.0,492.31997927048013
2022-03-22,494.31997927048013,541.0,494.31997927048013
2022-03-23,491.31997927048013,538.0,491.31997927048013
2022-03-24,495.31997927048013,542.0,495.31997927048013
2022-03-25,494.31997927048013,541.0,494.31997927048013
2022-03-26,504.31997927048013,551.0,504.31997927048013
2022-03-27,533.3199792704802,580.0,533.3199792704802
2022-03-28,632.3199792704802,679.0,632.3199792704802
2022-03-29,809.3199792704802,856.0,809.3199792704802
2022-03-30,843.3199792704802,890.0,843.3199792704802
2022-03-31,760.3199792704802,807.0,760.3199792704802
2022-04-01,684.3199792704802,731.0,684.3199792704802
2022-04-02,617.3199792704802,664.0,617.3199792704802
2022-04-03,592.3199792704802,639.0,592.3199792704802
2022-04-04,570.3199792704802,617.0,570.3199792704802
2022-04-05,577.3199792704802,624.0,577.3199792704802
2022-04-06,617.3199792704802,664.0,617.3199792704802
2022-04-07,654.3199792704802,701.0,654.3199792704802
2022-04-08,609.3199792704802,656.0,609.3199792704802
2022-04-09,578.3199792704802,625.0,578.3199792704802
2022-04-10,638.3199792704802,685.0,638.3199792704802
2022-04-11,687.3199792704802,734.0,687.3199792704802
2022-04-12,813.3199792704802,860.0,813.3199792704802
2022-04-13,879.3199792704802,926.0,879.3199792704802
2022-04-14,816.3199792704802,863.0,816.3199792704802
2022-04-15,745.3199792704802,792.0,745.3199792704802
2022-04-16,689.3199792704802,736.0,689.3199792704802
2022-04-17,669.3199792704802,716.0,669.3199792704802
2022-04-18,482.31997927048013,529.0,482.31997927048013
2022-04-19,514.3199792704802,561.0,514.3199792704802
2022-04-20,721.3199792704802,768.0,721.3199792704802
2022-04-21,944.3199792704802,991.0,944.3199792704802
2022-04-22,1231.3199792704802,1278.0,1231.3199792704802
2022-04-23,1416.3199792704802,1463.0,1416.3199792704802
2022-04-24,1074.3199792704802,1121.0,1074.3199792704802
2022-04-25,863.3199792704802,910.0,863.3199792704802
2022-04-26,715.3199792704802,762.0,715.3199792704802
2022-04-27,632.3199792704802,679.0,632.3199792704802
2022-04-28,670.3199792704802,717.0,670.3199792704802
2022-04-29,793.3199792704802,840.0,793.3199792704802
2022-04-30,1051.3199792704802,1098.0,1051.3199792704802
2022-05-01,1240.3199792704802,1287.0,1240.3199792704802
2022-05-02,1415.3199792704802,1462.0,1415.3199792704802
2022-05-03,1464.3199792704802,1511.0,1464.3199792704802
2022-05-04,1565.3199792704802,1612.0,1565.3199792704802
2022-05-05,1356.3199792704802,1403.0,1356.3199792704802
2022-05-06,1295.3199792704802,1342.0,1295.3199792704802
2022-05-07,1824.3199792704802,1871.0,1824.3199792704802
2022-05-08,2382.31997927048,2429.0,2382.31997927048
2022-05-09,2401.31997927048,2448.0,2401.31997927048
2022-05-10,2200.31997927048,2247.0,2200.31997927048
2022-05-11,2181.31997927048,2228.0,2181.31997927048
2022-05-12,2110.31997927048,2157.0,2110.31997927048
2022-05-13,1978.3199792704802,2025.0,1978.3199792704802
2022-05-14,1948.3199792704802,1995.0,1948.3199792704802
2022-05-15,2177.31997927048,2224.0,2177.31997927048
2022-05-16,2474.31997927048,2521.0,2474.31997927048
2022-05-17,2432.31997927048,2479.0,2432.31997927048
2022-05-18,2373.31997927048,2420.0,2373.31997927048
2022-05-19,2363.31997927048,2410.0,2363.31997927048
2022-05-20,2384.31997927048,2431.0,2384.31997927048
2022-05-21,2065.31997927048,2112.0,2065.31997927048
2022-05-22,1657.3199792704802,1704.0,1657.3199792704802
2022-05-23,1396.3199792704802,1443.0,1396.3199792704802
2022-05-24,1225.3199792704802,1272.0,1225.3199792704802
2022-05-25,1095.3199792704802,1142.0,1095.3199792704802
2022-05-26,1024.3199792704802,1071.0,1024.3199792704802
2022-05-27,1157.3199792704802,1204.0,1157.3199792704802
2022-05-28,1456.3199792704802,1503.0,1456.3199792704802
2022-05-29,1515.3199792704802,1562.0,1515.3199792704802
2022-05-30,1346.3199792704802,1393.0,1346.3199792704802
2022-05-31,1154.3199792704802,1201.0,1154.3199792704802
2022-06-01,993.3199792704802,1040.0,993.3199792704802
2022-06-02,1012.3199792704802,1059.0,1012.3199792704802
2022-06-03,1106.3199792704802,1153.0,1106.3199792704802
2022-06-04,1156.3199792704802,1203.0,1156.3199792704802
2022-06-05,1080.3199792704802,1127.0,1080.3199792704802
2022-06-06,1038.3199792704802,1085.0,1038.3199792704802
2022-06-07,1020.3199792704802,1067.0,1020.3199792704802
2022-06-08,1034.3199792704802,1081.0,1034.3199792704802
2022-06-09,1055.3199792704802,1102.0,1055.3199792704802
2022-06-10,1032.3199792704802,1079.0,1032.3199792704802
2022-06-11,1014.3199792704802,1061.0,1014.3199792704802
2022-06-12,982.3199792704802,1029.0,982.3199792704802
2022-06-13,1053.3199792704802,1100.0,1053.3199792704802
2022-06-14,1032.3199792704802,1079.0,1032.3199792704802
2022-06-15,969.3199792704802,1016.0,969.3199792704802
2022-06-16,908.3199792704802,955.0,908.3199792704802
2022-06-17,829.3199792704802,876.0,829.3199792704802
2022-06-18,805.3199792704802,852.0,805.3199792704802
2022-06-19,1049.3199792704802,1096.0,1049.3199792704802
2022-06-20,1791.3199792704802,1838.0,1791.3199792704802
2022-06-21,1542.3199792704802,1589.0,1542.3199792704802
2022-06-22,1279.3199792704802,1326.0,1279.3199792704802
2022-06-23,1173.3199792704802,1220.0,1173.3199792704802
2022-06-24,1167.3199792704802,1214.0,1167.3199792704802
2022-06-25,1093.3199792704802,1140.0,1093.3199792704802
2022-06-26,1054.3199792704802,1101.0,1054.3199792704802
2022-06-27,1392.3199792704802,1439.0,1392.3199792704802
2022-06-28,1567.3199792704802,1614.0,1567.3199792704802
2022-06-29,1213.3199792704802,1260.0,1213.3199792704802
2022-06-30,1062.3199792704802,1109.0,1062.3199792704802
2022-07-01,979.3199792704802,1026.0,979.3199792704802
2022-07-02,953.3199792704802,1000.0,953.3199792704802
2022-07-03,931.3199792704802,978.0,931.3199792704802
2022-07-04,969.3199792704802,1016.0,969.3199792704802
2022-07-05,951.3199792704802,998.0,951.3199792704802
2022-07-06,872.3199792704802,919.0,872.3199792704802
2022-07-07,1001.3199792704802,1048.0,1001.3199792704802
2022-07-08,888.3199792704802,935.0,888.3199792704802
2022-07-09,782.3199792704802,829.0,782.3199792704802
2022-07-10,692.3199792704802,739.0,692.3199792704802
2022-07-11,625.3199792704802,672.0,625.3199792704802
2022-07-12,670.3199792704802,717.0,670.3199792704802
2022-07-13,799.3199792704802,846.0,799.3199792704802
2022-07-14,937.3199792704802,984.0,937.3199792704802
2022-07-15,890.3199792704802,937.0,890.3199792704802
2022-07-16,862.3199792704802,909.0,862.3199792704802
2022-07-17,856.3199792704802,903.0,856.3199792704802
2022-07-18,858.9199792704801,905.6,858.9199792704801
2022-07-19,845.3199792704802,892.0,845.3199792704802
2022-07-20,857.3199792704802,904.0,857.3199792704802
2022-07-21,844.71997927048,891.4,844.71997927048
2022-07-22,828.0199792704802,874.7,828.0199792704802
2022-07-23,809.71997927048,856.4,809.71997927048
2022-07-24,795.71997927048,842.4,795.71997927048
2022-07-25,812.6199792704801,859.3,812.6199792704801
2022-07-26,953.3199792704802,1000.0,953.3199792704802
2022-07-27,845.3199792704802,892.0,845.3199792704802
2022-07-28,708.3199792704802,755.0,708.3199792704802
2022-07-29,767.3199792704802,814.0,767.3199792704802
2022-07-30,1047.3199792704802,1094.0,1047.3199792704802
2022-07-31,1452.3199792704802,1499.0,1452.3199792704802
2022-08-01,1206.3199792704802,1253.0,1206.3199792704802
2022-08-02,1091.3199792704802,1138.0,1091.3199792704802
2022-08-03,955.3199792704802,1002.0,955.3199792704802
2022-08-04,852.3199792704802,899.0,852.3199792704802
2022-08-05,862.3199792704802,909.0,862.3199792704802
2022-08-06,822.3199792704802,869.0,822.3199792704802
2022-08-07,1087.3199792704802,1134.0,1087.3199792704802
2022-08-08,946.3199792704802,993.0,946.3199792704802
2022-08-09,797.3199792704802,844.0,797.3199792704802
2022-08-10,699.3199792704802,746.0,699.3199792704802
2022-08-11,617.3199792704802,664.0,617.3199792704802
2022-08-12,607.3199792704802,654.0,607.3199792704802
2022-08-13,764.3199792704802,811.0,764.3199792704802
2022-08-14,810.3199792704802,857.0,810.3199792704802
2022-08-15,830.3199792704802,877.0,830.3199792704802
2022-08-16,1012.3199792704802,1059.0,1012.3199792704802
2022-08-17,919.3199792704802,966.0,919.3199792704802
2022-08-18,884.3199792704802,931.0,884.3199792704802
2022-08-19,703.3199792704802,750.0,703.3199792704802
2022-08-20,648.3199792704802,695.0,648.3199792704802
2022-08-21,686.3199792704802,733.0,686.3199792704802
2022-08-22,732.3199792704802,779.0,732.3199792704802
2022-08-23,704.3199792704802,751.0,704.3199792704802
2022-08-24,675.3199792704802,722.0,675.3199792704802
2022-08-25,655.3199792704802,702.0,655.3199792704802
2022-08-26,712.3199792704802,759.0,712.3199792704802
2022-08-27,838.3199792704802,885.0,838.3199792704802
2022-08-28,973.3199792704802,1020.0,973.3199792704802
2022-08-29,880.3199792704802,927.0,880.3199792704802
2022-08-30,820.3199792704802,867.0,820.3199792704802
2022-08-31,748.3199792704802,795.0,748.3199792704802
2022-09-01,804.3199792704802,851.0,804.3199792704802
2022-09-02,887.3199792704802,934.0,887.3199792704802
2022-09-03,870.3199792704802,917.0,870.3199792704802
2022-09-04,847.3199792704802,894.0,847.3199792704802
2022-09-05,838.3199792704802,885.0,838.3199792704802
2022-09-06,810.3199792704802,857.0,810.3199792704802
2022-09-07,796.3199792704802,843.0,796.3199792704802
2022-09-08,868.8199792704802,915.5,868.8199792704802
2022-09-09,894.9199792704801,941.6,894.9199792704801
2022-09-10,931.3199792704802,978.0,931.3199792704802
2022-09-11,958.3199792704802,1005.0,958.3199792704802
2022-09-12,947.4199792704801,994.1,947.4199792704801
2022-09-13,961.6199792704801,1008.3,961.6199792704801
2022-09-14,950.3199792704802,997.0,950.3199792704802
2022-09-15,898.3199792704802,945.0,898.3199792704802
2022-09-16,896.3199792704802,943.0,896.3199792704802
2022-09-17,775.3199792704802,822.0,775.3199792704802
2022-09-18,726.3199792704802,773.0,726.3199792704802
2022-09-19,717.3199792704802,764.0,717.3199792704802
2022-09-20,718.3199792704802,765.0,718.3199792704802
2022-09-21,766.3199792704802,813.0,766.3199792704802
2022-09-22,1291.3199792704802,1338.0,1291.3199792704802
2022-09-23,1120.3199792704802,1167.0,1120.3199792704802
2022-09-24,1077.3199792704802,1124.0,1077.3199792704802
2022-09-25,917.3199792704802,964.0,917.3199792704802
2022-09-26,808.3199792704802,855.0,808.3199792704802
2022-09-27,721.3199792704802,768.0,721.3199792704802
2022-09-28,683.3199792704802,730.0,683.3199792704802
2022-09-29,657.3199792704802,704.0,657.3199792704802
2022-09-30,657.3199792704802,704.0,657.3199792704802
2022-10-01,693.3199792704802,740.0,693.3199792704802
2022-10-02,726.3199792704802,773.0,726.3199792704802
2022-10-03,911.3199792704802,958.0,911.3199792704802
2022-10-04,1074.3199792704802,1121.0,1074.3199792704802
2022-10-05,1091.3199792704802,1138.0,1091.3199792704802
2022-10-06,1056.3199792704802,1103.0,1056.3199792704802
2022-10-07,994.3199792704802,1041.0,994.3199792704802
2022-10-08,887.3199792704802,934.0,887.3199792704802
2022-10-09,865.3199792704802,912.0,865.3199792704802
2022-10-10,823.3199792704802,870.0,823.3199792704802
2022-10-11,761.3199792704802,808.0,761.3199792704802
2022-10-12,735.3199792704802,782.0,735.3199792704802
2022-10-13,828.3199792704802,875.0,828.3199792704802
2022-10-14,822.3199792704802,869.0,822.3199792704802
2022-10-15,803.3199792704802,850.0,803.3199792704802
2022-10-16,786.3199792704802,833.0,786.3199792704802
2022-10-17,786.3199792704802,833.0,786.3199792704802
2022-10-18,784.3199792704802,831.0,784.3199792704802
2022-10-19,786.3199792704802,833.0,786.3199792704802
2022-10-20,724.3199792704802,771.0,724.3199792704802
2022-10-21,702.3199792704802,749.0,702.3199792704802
2022-10-22,698.3199792704802,745.0,698.3199792704802
2022-10-23,711.3199792704802,758.0,711.3199792704802
2022-10-24,765.3199792704802,812.0,765.3199792704802
2022-10-25,764.3199792704802,811.0,764.3199792704802
2022-10-26,628.3199792704802,675.0,628.3199792704802
2022-10-27,609.3199792704802,656.0,609.3199792704802
2022-10-28,618.3199792704802,665.0,618.3199792704802
2022-10-29,620.3199792704802,667.0,620.3199792704802
2022-10-30,609.3199792704802,656.0,609.3199792704802
2022-10-31,633.3199792704802,680.0,633.3199792704802
2022-11-01,550.3199792704802,597.0,550.3199792704802
2022-11-02,524.3199792704802,571.0,524.3199792704802
2022-11-03,628.3199792704802,675.0,628.3199792704802
2022-11-04,662.3199792704802,709.0,662.3199792704802
2022-11-05,597.3199792704802,644.0,597.3199792704802
2022-11-06,563.3199792704802,610.0,563.3199792704802
2022-11-07,575.3199792704802,622.0,575.3199792704802
2022-11-08,572.3199792704802,619.0,572.3199792704802
2024-01-30,440.31997927048013,487.0,440.31997927048013
2024-01-31,476.31997927048013,523.0,476.31997927048013
2024-05-31,2253.31997927048,2300.0,2253.31997927048
2024-06-01,2268.31997927048,2315.0,2268.31997927048
2024-06-04,2561.31997927048,2608.0,2561.31997927048
2024-06-07,3121.31997927048,3168.0,3121.31997927048
2024-06-09,2860.31997927048,2907.0,2860.31997927048
2024-06-10,2625.31997927048,2672.0,2625.31997927048
2025-01-22,299.31997927048013,346.0,299.31997927048013
2025-02-17,524.3199792704802,571.0,524.3199792704802
2025-03-05,563.3199792704802,610.0,563.3199792704802
