task_id,experiment,seed,status,git_commit,plan_id,window,total_reward,mean_reward,sum_rc_dam_safety.spill_guard_warn98,mean_rc_dam_safety.spill_guard_warn98,sum_rc_storage_control.target_oishift875to90_concave0_softupper98,mean_rc_storage_control.target_oishift875to90_concave0_softupper98,sum_rc_hydropower.positive_soft,mean_rc_hydropower.positive_soft,sum_rc_flooding.penalty_caps_archuleta_bluff,mean_rc_flooding.penalty_caps_archuleta_bluff,sum_rc_niip.delivery_match_historic_hardmeet_b10oversoft_neg1_logoff025_jon,mean_rc_niip.delivery_match_historic_hardmeet_b10oversoft_neg1_logoff025_jon,sum_rc_esa_min_flow.green_logistic_jon,mean_rc_esa_min_flow.green_logistic_jon,sum_rc_esa_spring_peak_release.farmington_thresholds_actionproxy_smart_ledger_hammer_histfreq_stop_excess_strong_calendar,mean_rc_esa_spring_peak_release.farmington_thresholds_actionproxy_smart_ledger_hammer_histfreq_stop_excess_strong_calendar,dam_safety_frac_days_within_storage_bounds,esa_min_flow_frac_days_met,flooding_frac_days_met,spr_curve_mean_abs_error_cfs,spr_curve_frac_days_within_500cfs,spr_freq_years_meeting_10000cfs_5d,spr_freq_years_meeting_8000cfs_10d,spr_freq_years_meeting_5000cfs_21d,spr_freq_years_meeting_2500cfs_10d,spr_curve_mean_error_cfs,spr_target_frequency_10000cfs_5d,spr_overachievement_10000cfs_5d,spr_mean_total_window_days_above_10000cfs,spr_mean_frac_window_days_above_10000cfs,spr_target_frequency_8000cfs_10d,spr_overachievement_8000cfs_10d,spr_mean_total_window_days_above_8000cfs,spr_mean_frac_window_days_above_8000cfs,spr_target_frequency_5000cfs_21d,spr_overachievement_5000cfs_21d,spr_mean_total_window_days_above_5000cfs,spr_mean_frac_window_days_above_5000cfs,spr_target_frequency_2500cfs_10d,spr_overachievement_2500cfs_10d,spr_mean_total_window_days_above_2500cfs,spr_mean_frac_window_days_above_2500cfs,hydropower_frac_of_max_possible,storage_frac_of_max_possible,niip_frac_days_demand_met_in_window,niip_annual_volume_frac_of_contract,niip_mean_abs_daily_error_cfs,controlled_sj_waste_af,controlled_sj_waste_frac_of_sj,controlled_sj_unattributed_af,controlled_sj_unattributed_frac_of_sj,policy_dam_safety_score,policy_esa_score,policy_spr_score,policy_niip_contract_score,policy_niip_behavior_score,policy_niip_score,policy_storage_score,policy_hydropower_score,policy_flooding_score,policy_efficiency_score,policy_objective_alignment_score,policy_experiment_diagnostic_score,policy_overall_score,policy_viability_score,dam_safety_frac_days_below_min_storage,dam_safety_frac_days_above_max_storage,dam_safety_max_storage_range_water_year_af,frac_action_0_saturated,frac_action_1_saturated,frac_any_action_saturated,frac_release_capped_or_limited,frac_release_cap_penalty_pos,mean_release_cap_penalty,frac_release_phys_penalty_pos,mean_release_phys_penalty,frac_days_deadpool_blocked,frac_days_spilling,total_spill_af,mean_spill_af_when_spilling,flooding_frac_days_met_unpaired,controlled_sj_release_af,mean_action_discretionary_sj_all_days,mean_action_niip_all_days,mean_action_spr_all_days,mean_action_spr_reachable_window,mean_action_spr_window,n_days,niip_release_af,spr_applied_bridge_need_af,spr_full_bridge_need_af,spr_marginal_controller_request_af,spr_nonzero_target_fraction_off_window,spr_nonzero_target_fraction_window,spr_priority_attributed_release_af,spr_priority_scaled_days,spr_reward_abs_share_all_days,spr_reward_abs_share_window,spr_target_0_fraction_window,spr_target_10000_fraction_window,spr_target_2500_fraction_window,spr_target_5000_fraction_window,spr_target_8000_fraction_window,spr_target_hit_fraction_active,spr_window_days,water_limited_days,metric_profile,benchmark_sha256,objective_pass_count,objective_count,all_objectives_passed,policy_total_spill_af,historic_total_spill_af,delta_total_spill_af,margin_total_spill_af,pass_total_spill_af,policy_storage_frac_of_max_possible,historic_storage_frac_of_max_possible,delta_storage_frac_of_max_possible,margin_storage_frac_of_max_possible,pass_storage_frac_of_max_possible,policy_esa_min_flow_frac_days_met,historic_esa_min_flow_frac_days_met,delta_esa_min_flow_frac_days_met,margin_esa_min_flow_frac_days_met,pass_esa_min_flow_frac_days_met,policy_flooding_frac_days_met,historic_flooding_frac_days_met,delta_flooding_frac_days_met,margin_flooding_frac_days_met,pass_flooding_frac_days_met,policy_spr_freq_years_meeting_10000cfs_5d,historic_spr_freq_years_meeting_10000cfs_5d,delta_spr_freq_years_meeting_10000cfs_5d,margin_spr_freq_years_meeting_10000cfs_5d,pass_spr_freq_years_meeting_10000cfs_5d,policy_spr_freq_years_meeting_8000cfs_10d,historic_spr_freq_years_meeting_8000cfs_10d,delta_spr_freq_years_meeting_8000cfs_10d,margin_spr_freq_years_meeting_8000cfs_10d,pass_spr_freq_years_meeting_8000cfs_10d,policy_spr_freq_years_meeting_5000cfs_21d,historic_spr_freq_years_meeting_5000cfs_21d,delta_spr_freq_years_meeting_5000cfs_21d,margin_spr_freq_years_meeting_5000cfs_21d,pass_spr_freq_years_meeting_5000cfs_21d,policy_spr_freq_years_meeting_2500cfs_10d,historic_spr_freq_years_meeting_2500cfs_10d,delta_spr_freq_years_meeting_2500cfs_10d,margin_spr_freq_years_meeting_2500cfs_10d,pass_spr_freq_years_meeting_2500cfs_10d,policy_hydropower_frac_of_max_possible,historic_hydropower_frac_of_max_possible,delta_hydropower_frac_of_max_possible,margin_hydropower_frac_of_max_possible,pass_hydropower_frac_of_max_possible,policy_niip_annual_volume_frac_of_contract,historic_niip_annual_volume_frac_of_contract,delta_niip_annual_volume_frac_of_contract,margin_niip_annual_volume_frac_of_contract,pass_niip_annual_volume_frac_of_contract,flood_agent_flooding_available_days,flood_agent_flooding_frac_days_met,flood_agent_flooding_safe_days,flood_flooding_comparison_days,flood_flooding_comparison_profile,flood_historic_flooding_available_days,flood_historic_flooding_frac_days_met,flood_historic_flooding_safe_days,sum_rc_hydropower.positive_efficiency,mean_rc_hydropower.positive_efficiency,sum_rc_hydropower.positive_discretionary_efficiency,mean_rc_hydropower.positive_discretionary_efficiency,sum_rc_storage_control.target_peak875_concave0_softupper98,mean_rc_storage_control.target_peak875_concave0_softupper98,sum_rc_storage_control.plateau90to96_concave0_softupper98,mean_rc_storage_control.plateau90to96_concave0_softupper98,family,eval_name
1,reward_jon_p95_oishift875to90_heff,seed_000,completed,8e7fdcf7f68a103b7249dfb8516b8a28dce87f62,a46c01d4fdda860feb330e4af867ce73a003880c6a73745e16d9e466d6e8b009,holdout_2014_2024_08_17,21899.41294050924,5.641270721408872,0.0,0.0,5200.735386955075,1.3397051486231517,,,-0.0034375,-8.854971664090675e-07,6153.937642583947,1.5852492639319802,6765.093399108715,1.7426824830264591,1875.2236642315047,0.4830560701266113,1.0,0.97655847501288,0.99974220159835,2152.707429773278,0.1496212121212121,0.0,0.1818181818181818,0.0909090909090909,0.7272727272727273,-474.8959651946119,0.2,-0.2,0.5454545454545454,0.0113636363636363,0.33,-0.1481818181818182,2.272727272727273,0.0473484848484848,0.5,-0.409090909090909,6.454545454545454,0.134469696969697,0.8,-0.0727272727272727,24.09090909090909,0.5018939393939394,0.2691086261447281,0.5328012828344333,0.925726006132112,1.2507577852041494,105.64845898570252,1263809.0305012956,0.3138022996362067,1263809.0305012956,0.3138022996362067,1.0,0.97655847501288,0.329090909090909,1.0,0.9740041021462392,0.9740041021462392,0.6268250386287451,0.7688817889849374,0.9997422680412372,0.5815969338183911,0.8553491913626577,0.8070444039641889,0.8553491913626577,0.8070444039641889,0.0,0.0,726103.2887970791,0.3500772797527048,0.0,0.3500772797527048,0.0,0.0,0.0,0.0,0.0,0.0,0.0,0.0,0.0,0.9997422680412372,4027405.25473025,-0.8923589978357493,-0.6736489867638952,-0.7909549911329422,-0.2119909206457022,-0.4885667412485363,3882,3141061.0726549607,716231.4049586777,0.0,1931050.157174189,0.0742397137745975,0.5454545454545454,716231.4049586777,0,0.1227328661520475,0.5456235320614427,0.4545454545454545,0.0265151515151515,0.3390151515151515,0.1325757575757575,0.0473484848484848,0.3276515151515151,528,0,corrected_phase95_historic_screen_v1,11af0f359546ca6499bfae9140aabdd065d51ec67e688c3529cde423613e044a,6,10,False,0.0,0.0,0.0,0.0,True,0.5328012828344333,0.6856296239512203,-0.152828341116787,-0.152828341116787,False,0.97655847501288,0.95801133436373,0.0185471406491499,0.0185471406491499,True,0.99974220159835,0.99974220159835,0.0,0.0,True,0.0,0.0909090909090909,-0.0909090909090909,-0.0909090909090909,False,0.1818181818181818,0.1818181818181818,0.0,0.0,True,0.0909090909090909,0.2727272727272727,-0.1818181818181818,-0.1818181818181818,False,0.7272727272727273,0.7272727272727273,0.0,0.0,True,0.2691086261447281,0.3002375563379423,-0.0311289301932142,-0.0311289301932142,False,1.2507577852041494,1.0,0.2507577852041494,0.2507577852041494,True,3880,0.99974220159835,3878,3879,archuleta_bluff_common_valid,3881,0.99974220159835,3878,1904.4262851299952,0.4905786411978349,,,,,,,reward_jon_p95_oishift875to90_heff,eval__holdout_2014_2024_08_17
9,reward_jon_p95_oishift875to90_heff,seed_001,completed,8e7fdcf7f68a103b7249dfb8516b8a28dce87f62,a46c01d4fdda860feb330e4af867ce73a003880c6a73745e16d9e466d6e8b009,holdout_2014_2024_08_17,22028.73253451448,5.674583342224235,0.0,0.0,7602.355220593345,1.958360438071444,,,-0.0034375,-8.854971664090675e-07,3574.7468977194835,0.9208518541266058,6741.634714681828,1.736639545255494,2067.49926734013,0.5325861069912751,1.0,0.9760432766615148,0.99974220159835,2308.98856870323,0.1515151515151515,0.0909090909090909,0.1818181818181818,0.2727272727272727,0.7272727272727273,-120.91030884085392,0.2,-0.1090909090909091,0.8181818181818182,0.0170454545454545,0.33,-0.1481818181818182,2.272727272727273,0.0473484848484848,0.5,-0.2272727272727273,11.636363636363637,0.2424242424242424,0.8,-0.0727272727272727,24.363636363636363,0.5075757575757576,0.2906149296623515,0.7074545592153766,0.8764564739162845,1.0523578535019993,112.74208411618947,1872948.913306185,0.4163098425078913,1872948.913306185,0.4163098425078913,1.0,0.9760432766615148,0.4427272727272726,1.0,0.9567597658706996,0.9567597658706996,0.8322994814298549,0.8303283704638614,0.9997422680412372,0.4449202099894782,0.8806965652758267,0.8498395431201379,0.8806965652758267,0.8498395431201379,0.0,0.0,608511.6348892873,0.4155074703760948,0.3742916022668727,0.7897990726429676,0.0,0.0,0.0,0.0,0.0,0.0,0.0,0.0,0.0,0.9997422680412372,4498930.17667648,-0.8674799337079159,-0.7578946329050614,-0.6508405478503257,-0.2272497421728509,-0.4928303901458893,3882,2330214.1376270736,564013.8842975206,0.0,2380230.24175372,0.3643410852713178,0.5132575757575758,564013.8842975206,0,0.1273400108801243,0.554440435067618,0.4867424242424242,0.0378787878787878,0.3181818181818182,0.1439393939393939,0.0132575757575757,0.3958333333333333,528,0,corrected_phase95_historic_screen_v1,11af0f359546ca6499bfae9140aabdd065d51ec67e688c3529cde423613e044a,9,10,False,0.0,0.0,0.0,0.0,True,0.7074545592153766,0.6856296239512203,0.0218249352641562,0.0218249352641562,True,0.9760432766615148,0.95801133436373,0.0180319422977847,0.0180319422977847,True,0.99974220159835,0.99974220159835,0.0,0.0,True,0.0909090909090909,0.0909090909090909,0.0,0.0,True,0.1818181818181818,0.1818181818181818,0.0,0.0,True,0.2727272727272727,0.2727272727272727,0.0,0.0,True,0.7272727272727273,0.7272727272727273,0.0,0.0,True,0.2906149296623515,0.3002375563379423,-0.0096226266755908,-0.0096226266755908,False,1.0523578535019993,1.0,0.0523578535019992,0.0523578535019992,True,3880,0.99974220159835,3878,3879,archuleta_bluff_common_valid,3881,0.99974220159835,3878,2042.499871679689,0.5261462832765814,,,,,,,reward_jon_p95_oishift875to90_heff,eval__holdout_2014_2024_08_17
17,reward_jon_p95_oishift875to90_heff,seed_002,completed,8e7fdcf7f68a103b7249dfb8516b8a28dce87f62,a46c01d4fdda860feb330e4af867ce73a003880c6a73745e16d9e466d6e8b009,holdout_2014_2024_08_17,22601.18370558039,5.822046292009374,0.0,0.0,6135.582633148394,1.5805210286317346,,,-0.0034375,-8.854971664090675e-07,5747.89273948072,1.4806524316024523,6779.891964586957,1.7464945812949402,1813.5722967422328,0.4671747286816674,1.0,0.9873776403915508,0.99974220159835,2442.714543413032,0.0757575757575757,0.0909090909090909,0.2727272727272727,0.2727272727272727,0.7272727272727273,94.7364299211538,0.2,-0.1090909090909091,0.8181818181818182,0.0170454545454545,0.33,-0.0572727272727273,4.636363636363637,0.096590909090909,0.5,-0.2272727272727273,9.636363636363637,0.2007575757575757,0.8,-0.0727272727272727,27.454545454545453,0.571969696969697,0.2975574681246744,0.5947076985680698,0.9844537046346936,1.09843795583443,46.28723160028,1320330.8288715268,0.283888538517774,1320330.8288715268,0.283888538517774,1.0,0.9873776403915508,0.5336363636363636,1.0,0.9945587966221427,0.9945587966221427,0.6996561159624352,0.8501641946419268,0.9997422680412372,0.6214819486429679,0.9009288854396882,0.8655754948604131,0.9009288854396882,0.8655754948604131,0.0,0.0,638725.5365389516,0.8281813498196806,0.4026275115919629,0.8371973209685729,0.0,0.0,0.0,0.0,0.0,0.0,0.0,0.0,0.0,0.9997422680412372,4650877.54428262,-0.8692584291891239,-0.7512157055050794,-0.7105647059486644,-0.1461948573633411,-0.3727577620637462,3882,2394497.4316545757,1221183.4710743802,0.0,2491149.481523309,0.0581395348837209,0.6420454545454546,1221183.4710743802,0,0.1444368381733396,0.5678974786729171,0.3579545454545454,0.0359848484848484,0.4223484848484848,0.0416666666666666,0.1420454545454545,0.3579545454545454,528,0,corrected_phase95_historic_screen_v1,11af0f359546ca6499bfae9140aabdd065d51ec67e688c3529cde423613e044a,8,10,False,0.0,0.0,0.0,0.0,True,0.5947076985680698,0.6856296239512203,-0.0909219253831504,-0.0909219253831504,False,0.9873776403915508,0.95801133436373,0.0293663060278207,0.0293663060278207,True,0.99974220159835,0.99974220159835,0.0,0.0,True,0.0909090909090909,0.0909090909090909,0.0,0.0,True,0.2727272727272727,0.1818181818181818,0.0909090909090908,0.0909090909090908,True,0.2727272727272727,0.2727272727272727,0.0,0.0,True,0.7272727272727273,0.7272727272727273,0.0,0.0,True,0.2975574681246744,0.3002375563379423,-0.0026800882132679,-0.0026800882132679,False,1.09843795583443,1.0,0.0984379558344299,0.0984379558344299,True,3880,0.99974220159835,3878,3879,archuleta_bluff_common_valid,3881,0.99974220159835,3878,2124.247509122087,0.5472044072957463,,,,,,,reward_jon_p95_oishift875to90_heff,eval__holdout_2014_2024_08_17
25,reward_jon_p95_oishift875to90_heff,seed_003,completed,8e7fdcf7f68a103b7249dfb8516b8a28dce87f62,a46c01d4fdda860feb330e4af867ce73a003880c6a73745e16d9e466d6e8b009,holdout_2014_2024_08_17,21311.018488161004,5.489700795507729,0.0,0.0,5140.591095188789,1.3242120286421404,,,-0.0034375,-8.854971664090675e-07,6195.735086182767,1.5960162509486775,6745.856746224438,1.7377271371005765,1487.5651225739389,0.3831955493492887,1.0,0.9724368882019576,0.99974220159835,2231.357704752247,0.1477272727272727,0.0909090909090909,0.1818181818181818,0.1818181818181818,0.9090909090909092,224.33084566417065,0.2,-0.1090909090909091,0.8181818181818182,0.0170454545454545,0.33,-0.1481818181818182,3.909090909090909,0.0814393939393939,0.5,-0.3181818181818182,10.727272727272728,0.2234848484848485,0.8,0.109090909090909,29.09090909090909,0.606060606060606,0.2521253774939124,0.5304878170135787,0.9354689151167288,1.258197416261917,110.553627594751,748038.9186860361,0.1750824425197487,748038.9186860361,0.1750824425197487,1.0,0.9724368882019576,0.3836363636363636,1.0,0.9774141202908552,0.9774141202908552,0.6241033141336221,0.7203582214111783,0.9997422680412372,0.7665567433070017,0.8609542995459567,0.8151128303118184,0.8609542995459567,0.8151128303118184,0.0,0.0,663091.0361573878,0.9665121071612572,0.0,0.9665121071612572,0.0,0.0,0.0,0.0,0.0,0.0,0.0,0.0,0.0,0.9997422680412372,4272495.333743472,-0.9402638365395102,-0.6779681400984664,-0.2767173924465606,-0.1400160310537222,-0.2955939937030162,3882,3099490.1165981926,1525112.7272727273,0.0,2102201.1783715715,1.0,0.7537878787878788,1525112.7272727273,0,0.1412047100178893,0.5736683336816858,0.2462121212121212,0.034090909090909,0.4015151515151515,0.2121212121212121,0.106060606060606,0.3712121212121212,528,0,corrected_phase95_historic_screen_v1,11af0f359546ca6499bfae9140aabdd065d51ec67e688c3529cde423613e044a,7,10,False,0.0,0.0,0.0,0.0,True,0.5304878170135787,0.6856296239512203,-0.1551418069376415,-0.1551418069376415,False,0.9724368882019576,0.95801133436373,0.0144255538382277,0.0144255538382277,True,0.99974220159835,0.99974220159835,0.0,0.0,True,0.0909090909090909,0.0909090909090909,0.0,0.0,True,0.1818181818181818,0.1818181818181818,0.0,0.0,True,0.1818181818181818,0.2727272727272727,-0.0909090909090908,-0.0909090909090908,False,0.9090909090909092,0.7272727272727273,0.1818181818181817,0.1818181818181817,True,0.2521253774939124,0.3002375563379423,-0.0481121788440299,-0.0481121788440299,False,1.258197416261917,1.0,0.2581974162619169,0.2581974162619169,True,3880,0.99974220159835,3878,3879,archuleta_bluff_common_valid,3881,0.99974220159835,3878,1741.2738754910683,0.4485507149642113,,,,,,,reward_jon_p95_oishift875to90_heff,eval__holdout_2014_2024_08_17
33,reward_jon_p95_oishift875to90_heff,seed_004,completed,8e7fdcf7f68a103b7249dfb8516b8a28dce87f62,a46c01d4fdda860feb330e4af867ce73a003880c6a73745e16d9e466d6e8b009,holdout_2014_2024_08_17,24715.16680531614,6.366606595908331,0.0,0.0,6538.799197917882,1.68438928333794,,,-0.0034375,-8.854971664090675e-07,8276.925952107667,2.1321293024491674,6707.209625344214,1.7277716706193236,1232.520194394575,0.317496186088247,1.0,0.9680577022153528,0.99974220159835,2168.3776504211783,0.1325757575757575,0.0909090909090909,0.1818181818181818,0.2727272727272727,1.0,191.30884794397,0.2,-0.1090909090909091,0.8181818181818182,0.0170454545454545,0.33,-0.1481818181818182,3.909090909090909,0.0814393939393939,0.5,-0.2272727272727273,9.909090909090908,0.2064393939393939,0.8,0.1999999999999999,29.63636363636364,0.6174242424242423,0.2765915015035434,0.6252805281333012,0.9682136593526496,1.1145312738908155,46.74738956389411,954074.9748404776,0.2192170622479685,954074.9748404776,0.2192170622479685,1.0,0.9680577022153528,0.3154545454545454,1.0,0.9888747807734274,0.9888747807734274,0.7356241507450602,0.790261432867267,0.9997422680412372,0.7077105836693752,0.8528941896409526,0.8175400058085964,0.8528941896409526,0.8175400058085964,0.0,0.0,656733.4621905796,0.0,0.0,0.0,0.0,0.0,0.0,0.0,0.0,0.0,0.0,0.0,0.0,0.9997422680412372,4352193.050380679,-0.907076516022185,-0.7319698881728326,-0.3661168981199563,-0.1538272979847915,-0.3349052161599199,3882,2579734.4461452863,1418509.090909091,0.0,2451915.7388314707,1.0,0.7424242424242424,1418509.090909091,0,0.1223130671269664,0.5195892906304507,0.2575757575757575,0.0378787878787878,0.4564393939393939,0.1458333333333333,0.1022727272727272,0.3920454545454545,528,0,corrected_phase95_historic_screen_v1,11af0f359546ca6499bfae9140aabdd065d51ec67e688c3529cde423613e044a,8,10,False,0.0,0.0,0.0,0.0,True,0.6252805281333012,0.6856296239512203,-0.0603490958179191,-0.0603490958179191,False,0.9680577022153528,0.95801133436373,0.0100463678516229,0.0100463678516229,True,0.99974220159835,0.99974220159835,0.0,0.0,True,0.0909090909090909,0.0909090909090909,0.0,0.0,True,0.1818181818181818,0.1818181818181818,0.0,0.0,True,0.2727272727272727,0.2727272727272727,0.0,0.0,True,1.0,0.7272727272727273,0.2727272727272727,0.2727272727272727,True,0.2765915015035434,0.3002375563379423,-0.0236460548343988,-0.0236460548343988,False,1.1145312738908155,1.0,0.1145312738908157,0.1145312738908157,True,3880,0.99974220159835,3878,3879,archuleta_bluff_common_valid,3881,0.99974220159835,3878,1959.715273051804,0.5048210389108202,,,,,,,reward_jon_p95_oishift875to90_heff,eval__holdout_2014_2024_08_17
41,reward_jon_p95_oishift875to90_heff,seed_005,completed,8e7fdcf7f68a103b7249dfb8516b8a28dce87f62,a46c01d4fdda860feb330e4af867ce73a003880c6a73745e16d9e466d6e8b009,holdout_2014_2024_08_17,24617.89323210517,6.34154900363348,0.0,0.0,6975.2395683368895,1.7968159629925011,,,-0.0034375,-8.854971664090675e-07,7626.58037446684,1.9646008177400407,6734.129013243741,1.7347060827521228,1217.7987862922866,0.3137039634962098,1.0,0.9747552807831016,0.99974220159835,2306.877575070945,0.1553030303030303,0.0,0.1818181818181818,0.2727272727272727,0.7272727272727273,-270.77392935098123,0.2,-0.2,0.4545454545454545,0.0094696969696969,0.33,-0.1481818181818182,3.272727272727273,0.0681818181818181,0.5,-0.2272727272727273,9.636363636363637,0.2007575757575757,0.8,-0.0727272727272727,22.818181818181817,0.4753787878787879,0.2790587563488267,0.6579938238563166,0.9412357929215616,1.1456209249060505,59.36614381302167,1153173.1276872982,0.2808299530729333,1153173.1276872982,0.2808299530729333,1.0,0.9747552807831016,0.3518181818181817,1.0,0.9794325275225466,0.9794325275225466,0.7741103810074312,0.7973107324252193,0.9997422680412372,0.6255600625694222,0.8613174431785527,0.828464886148832,0.8613174431785527,0.828464886148832,0.0,0.0,695418.0601185575,0.6519835136527563,0.0,0.6519835136527563,0.0,0.0,0.0,0.0,0.0,0.0,0.0,0.0,0.0,0.9997422680412372,4106303.886280292,-0.8881566622618361,-0.7105142471871383,-0.6106101897982271,-0.1033375619216398,-0.4687569191340696,3882,2786240.5610478614,935280.0,0.0,2059657.004166942,0.3467501490757305,0.5208333333333334,935280.0,0,0.1141276719456182,0.5067560630808965,0.4791666666666667,0.0170454545454545,0.2556818181818182,0.1212121212121212,0.1268939393939394,0.3011363636363636,528,0,corrected_phase95_historic_screen_v1,11af0f359546ca6499bfae9140aabdd065d51ec67e688c3529cde423613e044a,7,10,False,0.0,0.0,0.0,0.0,True,0.6579938238563166,0.6856296239512203,-0.0276358000949037,-0.0276358000949037,False,0.9747552807831016,0.95801133436373,0.0167439464193714,0.0167439464193714,True,0.99974220159835,0.99974220159835,0.0,0.0,True,0.0,0.0909090909090909,-0.0909090909090909,-0.0909090909090909,False,0.1818181818181818,0.1818181818181818,0.0,0.0,True,0.2727272727272727,0.2727272727272727,0.0,0.0,True,0.7272727272727273,0.7272727272727273,0.0,0.0,True,0.2790587563488267,0.3002375563379423,-0.0211787999891155,-0.0211787999891155,False,1.1456209249060505,1.0,0.1456209249060502,0.1456209249060502,True,3880,0.99974220159835,3878,3879,archuleta_bluff_common_valid,3881,0.99974220159835,3878,2064.148927265414,0.5317230621497717,,,,,,,reward_jon_p95_oishift875to90_heff,eval__holdout_2014_2024_08_17
49,reward_jon_p95_oishift875to90_heff,seed_006,completed,8e7fdcf7f68a103b7249dfb8516b8a28dce87f62,a46c01d4fdda860feb330e4af867ce73a003880c6a73745e16d9e466d6e8b009,holdout_2014_2024_08_17,23944.11928280172,6.167985389696476,0.0,0.0,5216.471203375882,1.343758681961845,,,-0.0034375,-8.854971664090675e-07,7825.205255238779,2.015766423296955,6774.679266459507,1.7451517945542263,1908.226740503815,0.4915576353693496,1.0,0.9922720247295208,0.99974220159835,2058.7905940433043,0.1647727272727272,0.0,0.1818181818181818,0.0,0.7272727272727273,-307.20956046292275,0.2,-0.2,0.7272727272727273,0.0151515151515151,0.33,-0.1481818181818182,2.363636363636364,0.0492424242424242,0.5,-0.5,6.454545454545454,0.134469696969697,0.8,-0.0727272727272727,27.545454545454547,0.5738636363636362,0.3181251295874572,0.5284218726153682,0.9727177897900248,1.0674185323866223,28.21683019895777,1790870.4828805933,0.3825373553346282,1790870.4828805933,0.3825373553346282,1.0,0.9922720247295208,0.329090909090909,1.0,0.9904512264265086,0.9904512264265086,0.6216727913121979,0.9089289416784494,0.9997422680412372,0.4899501928871623,0.868733545262722,0.8199636716665918,0.868733545262722,0.8199636716665918,0.0,0.0,663999.5475193058,0.0,0.0,0.0,0.0,0.0,0.0,0.0,0.0,0.0,0.0,0.0,0.0,0.9997422680412372,4681557.128751549,-0.8011959332325973,-0.742485782385855,-0.5981674947915526,-0.2201826958719528,-0.4702689569641017,3882,2478521.140005963,771498.8429752067,0.0,3005652.6176383747,0.6946929039952295,0.625,771498.8429752067,0,0.1257749111066052,0.527667556795238,0.375,0.034090909090909,0.4147727272727273,0.1458333333333333,0.0303030303030303,0.3863636363636363,528,0,corrected_phase95_historic_screen_v1,11af0f359546ca6499bfae9140aabdd065d51ec67e688c3529cde423613e044a,7,10,False,0.0,0.0,0.0,0.0,True,0.5284218726153682,0.6856296239512203,-0.157207751335852,-0.157207751335852,False,0.9922720247295208,0.95801133436373,0.0342606903657909,0.0342606903657909,True,0.99974220159835,0.99974220159835,0.0,0.0,True,0.0,0.0909090909090909,-0.0909090909090909,-0.0909090909090909,False,0.1818181818181818,0.1818181818181818,0.0,0.0,True,0.0,0.2727272727272727,-0.2727272727272727,-0.2727272727272727,False,0.7272727272727273,0.7272727272727273,0.0,0.0,True,0.3181251295874572,0.3002375563379423,0.0178875732495149,0.0178875732495149,True,1.0674185323866223,1.0,0.0674185323866223,0.0674185323866223,True,3880,0.99974220159835,3878,3879,archuleta_bluff_common_valid,3881,0.99974220159835,3878,2219.5402547237345,0.5717517400112659,,,,,,,reward_jon_p95_oishift875to90_heff,eval__holdout_2014_2024_08_17
57,reward_jon_p95_oishift875to90_heff,seed_007,completed,8e7fdcf7f68a103b7249dfb8516b8a28dce87f62,a46c01d4fdda860feb330e4af867ce73a003880c6a73745e16d9e466d6e8b009,holdout_2014_2024_08_17,27000.64842183805,6.955344776362197,0.0,0.0,7656.379002676517,1.972276919803328,,,-0.0034375,-8.854971664090675e-07,8568.040165057344,2.207120083734504,6645.62677644191,1.7119079795059016,2006.0246195823863,0.5167502884034999,1.0,0.955177743431221,0.99974220159835,2126.82007720963,0.1458333333333333,0.0,0.1818181818181818,0.1818181818181818,0.7272727272727273,-213.67097048196152,0.2,-0.2,0.6363636363636364,0.0132575757575757,0.33,-0.1481818181818182,2.1818181818181817,0.0454545454545454,0.5,-0.3181818181818182,9.181818181818182,0.1912878787878787,0.8,-0.0727272727272727,25.90909090909091,0.5397727272727272,0.2984904126528471,0.7180234132661342,0.980704883409188,1.1201182580110305,49.42978074219568,1656512.362288866,0.3876960907372174,1656512.362288866,0.3876960907372174,1.0,0.955177743431221,0.329090909090909,1.0,0.9932467091932158,0.9932467091932158,0.8447334273719226,0.8528297504367061,0.9997422680412372,0.4830718790170435,0.8577254876815695,0.8326050160041586,0.8577254876815695,0.8326050160041586,0.0,0.0,648426.7393016189,0.0,0.0497166409067491,0.0497166409067491,0.0,0.0,0.0,0.0,0.0,0.0,0.0,0.0,0.0,0.9997422680412372,4272708.448359515,-0.8561349058085223,-0.7391502944266041,-0.5753351746866885,-0.1958193744972971,-0.4777528287165544,3882,2510624.520542208,713652.8925619834,0.0,2576541.0211087693,0.2868217054263566,0.5890151515151515,713652.8925619834,0,0.1141499319475053,0.5168632066292422,0.4109848484848485,0.0284090909090909,0.3787878787878788,0.1439393939393939,0.0378787878787878,0.3882575757575757,528,0,corrected_phase95_historic_screen_v1,11af0f359546ca6499bfae9140aabdd065d51ec67e688c3529cde423613e044a,6,10,False,0.0,0.0,0.0,0.0,True,0.7180234132661342,0.6856296239512203,0.0323937893149138,0.0323937893149138,True,0.955177743431221,0.95801133436373,-0.002833590932509,-0.002833590932509,False,0.99974220159835,0.99974220159835,0.0,0.0,True,0.0,0.0909090909090909,-0.0909090909090909,-0.0909090909090909,False,0.1818181818181818,0.1818181818181818,0.0,0.0,True,0.1818181818181818,0.2727272727272727,-0.0909090909090908,-0.0909090909090908,False,0.7272727272727273,0.7272727272727273,0.0,0.0,True,0.2984904126528471,0.3002375563379423,-0.0017471436850952,-0.0017471436850952,False,1.1201182580110305,1.0,0.1201182580110304,0.1201182580110304,True,3880,0.99974220159835,3878,3879,archuleta_bluff_common_valid,3881,0.99974220159835,3878,2124.58129557989,0.5472903904121303,,,,,,,reward_jon_p95_oishift875to90_heff,eval__holdout_2014_2024_08_17
65,reward_jon_p95_oishift875to90_heff,seed_008,completed,8e7fdcf7f68a103b7249dfb8516b8a28dce87f62,a46c01d4fdda860feb330e4af867ce73a003880c6a73745e16d9e466d6e8b009,holdout_2014_2024_08_17,25381.59678210552,6.538278408579473,0.0,0.0,6773.472101164708,1.7448408297693736,,,-0.0034375,-8.854971664090675e-07,7770.543449023575,2.0016855870745944,6763.631396273097,1.7423058723011586,2025.55466875338,0.5217812129709892,1.0,0.9752704791344669,0.99974220159835,2223.8954521604824,0.1666666666666666,0.0909090909090909,0.1818181818181818,0.0909090909090909,0.7272727272727273,-291.0372904030549,0.2,-0.1090909090909091,0.8181818181818182,0.0170454545454545,0.33,-0.1481818181818182,3.363636363636364,0.0700757575757575,0.5,-0.409090909090909,8.090909090909092,0.168560606060606,0.8,-0.0727272727272727,23.90909090909091,0.4981060606060607,0.2865310859313015,0.6427497141914993,0.978866247898489,1.182170874606523,74.68412643801356,1294921.184609288,0.3075946378350712,1294921.184609288,0.3075946378350712,1.0,0.9752704791344669,0.4199999999999999,1.0,0.9926031867644712,0.9926031867644712,0.7561761343429404,0.8186602455180045,0.9997422680412372,0.5898738162199051,0.8755131096915955,0.8441124722920437,0.8755131096915955,0.8441124722920437,0.0,0.0,692652.7008800979,0.9804224626481196,0.0,0.9804224626481196,0.0,0.0,0.0,0.0,0.0,0.0,0.0,0.0,0.0,0.9997422680412372,4209830.16389125,-0.8915231241482333,-0.7207747087542817,-0.922798242894016,-0.1368570574764478,-0.4583919419991699,3882,2687485.736657765,875087.6033057851,0.0,2039897.304038068,0.0,0.5606060606060606,875087.6033057851,0,0.1257078839743025,0.558112301012583,0.4393939393939394,0.0397727272727272,0.3295454545454545,0.1193181818181818,0.0719696969696969,0.3276515151515151,528,0,corrected_phase95_historic_screen_v1,11af0f359546ca6499bfae9140aabdd065d51ec67e688c3529cde423613e044a,7,10,False,0.0,0.0,0.0,0.0,True,0.6427497141914993,0.6856296239512203,-0.042879909759721,-0.042879909759721,False,0.9752704791344669,0.95801133436373,0.0172591447707367,0.0172591447707367,True,0.99974220159835,0.99974220159835,0.0,0.0,True,0.0909090909090909,0.0909090909090909,0.0,0.0,True,0.1818181818181818,0.1818181818181818,0.0,0.0,True,0.0909090909090909,0.2727272727272727,-0.1818181818181818,-0.1818181818181818,False,0.7272727272727273,0.7272727272727273,0.0,0.0,True,0.2865310859313015,0.3002375563379423,-0.0137064704066407,-0.0137064704066407,False,1.182170874606523,1.0,0.1821708746065229,0.1821708746065229,True,3880,0.99974220159835,3878,3879,archuleta_bluff_common_valid,3881,0.99974220159835,3878,2048.398604390756,0.5276657919605243,,,,,,,reward_jon_p95_oishift875to90_heff,eval__holdout_2014_2024_08_17
73,reward_jon_p95_oishift875to90_heff,seed_009,completed,8e7fdcf7f68a103b7249dfb8516b8a28dce87f62,a46c01d4fdda860feb330e4af867ce73a003880c6a73745e16d9e466d6e8b009,holdout_2014_2024_08_17,22336.12719809677,5.753767954172275,0.0,0.0,5191.468873797514,1.3373181024723118,,,0.0,0.0,8028.314929390678,2.0680873079316533,6819.421904572328,1.7566774612499556,35.14741318325514,0.0090539446633836,1.0,0.9994848016486348,1.0,1795.166138780162,0.1363636363636363,0.0,0.0,0.0,1.0,-412.2078512006185,0.2,-0.2,0.0,0.0,0.33,-0.33,0.7272727272727273,0.0151515151515151,0.5,-0.5,4.363636363636363,0.0909090909090909,0.8,0.1999999999999999,29.90909090909091,0.6231060606060606,0.3221102781910635,0.5314429134919535,0.9906762718651796,1.1542588590274478,64.17070267540676,1822294.1890054245,0.3925090317881041,1822294.1890054245,0.3925090317881041,1.0,0.9994848016486348,0.1,1.0,0.9967366951528128,0.9967366951528128,0.625226957049357,0.9203150805458958,1.0,0.4766546242825279,0.8289291780098587,0.7777827490925202,0.8289291780098587,0.7777827490925202,0.0,0.0,719643.9553846562,0.1226172076249356,0.0481710458526532,0.1257083977331272,0.0,0.0,0.0,0.0,0.0,0.0,0.0,0.0,0.0,1.0,4642680.910306261,-0.7939593501001335,-0.7340158528309088,-0.495062888290451,-0.3595374355297438,-0.452076533583529,3882,2560042.4599549,658363.6363636364,0.0,2630352.6977031776,0.7671437090041742,0.7234848484848485,658363.6363636364,0,0.0688482814515402,0.3664511785848557,0.2765151515151515,0.0,0.5984848484848485,0.0946969696969697,0.0303030303030303,0.4772727272727273,528,0,corrected_phase95_historic_screen_v1,11af0f359546ca6499bfae9140aabdd065d51ec67e688c3529cde423613e044a,6,10,False,0.0,0.0,0.0,0.0,True,0.5314429134919535,0.6856296239512203,-0.1541867104592668,-0.1541867104592668,False,0.9994848016486348,0.95801133436373,0.0414734672849047,0.0414734672849047,True,1.0,0.99974220159835,0.0002577984016498,0.0002577984016498,True,0.0,0.0909090909090909,-0.0909090909090909,-0.0909090909090909,False,0.0,0.1818181818181818,-0.1818181818181818,-0.1818181818181818,False,0.0,0.2727272727272727,-0.2727272727272727,-0.2727272727272727,False,1.0,0.7272727272727273,0.2727272727272727,0.2727272727272727,True,0.3221102781910635,0.3002375563379423,0.0218727218531212,0.0218727218531212,True,1.1542588590274478,1.0,0.1542588590274478,0.1542588590274478,True,3880,1.0,3879,3879,archuleta_bluff_common_valid,3881,0.99974220159835,3878,2261.774077152998,0.5826311378549711,,,,,,,reward_jon_p95_oishift875to90_heff,eval__holdout_2014_2024_08_17
81,reward_jon_p95_oishift875to90_heff,seed_010,completed,8e7fdcf7f68a103b7249dfb8516b8a28dce87f62,a46c01d4fdda860feb330e4af867ce73a003880c6a73745e16d9e466d6e8b009,holdout_2014_2024_08_17,25086.124667054857,6.462165035305218,0.0,0.0,7456.461406300927,1.920778311772521,,,-0.0034375,-8.854971664090675e-07,7786.317631428503,2.0057490034591714,6729.076943122425,1.733404673653381,1207.1507213137018,0.3109610307351112,1.0,0.9654817104585264,0.99974220159835,2352.947535688829,0.1193181818181818,0.0,0.1818181818181818,0.1818181818181818,0.8181818181818182,-79.40579786411288,0.2,-0.2,0.4545454545454545,0.0094696969696969,0.33,-0.1481818181818182,4.181818181818182,0.0871212121212121,0.5,-0.3181818181818182,8.909090909090908,0.1856060606060605,0.8,0.0181818181818181,24.727272727272727,0.5151515151515151,0.2621519257803906,0.6994191770271447,0.945694693555876,1.13855210791281,56.40125111080378,1059995.2441389037,0.2615158853497512,1059995.2441389037,0.2615158853497512,1.0,0.9654817104585264,0.3836363636363636,1.0,0.9809931427445566,0.9809931427445566,0.8228460906201703,0.7490055022296876,0.9997422680412372,0.6513121528669985,0.8618277296877158,0.8357442409434527,0.8618277296877158,0.8357442409434527,0.0,0.0,657706.059992648,0.6352395672333848,0.0,0.6352395672333848,0.0,0.0,0.0,0.0,0.0,0.0,0.0,0.0,0.0,0.9997422680412372,4053272.873734867,-0.9347104092197188,-0.7153042508908181,-0.8870237070370403,-0.2186099150904307,-0.4954669590277428,3882,2740137.762225364,1002396.694214876,0.0,1913704.5740869225,0.0131186642814549,0.5757575757575758,1002396.694214876,0,0.1080731467198927,0.5042107053006065,0.4242424242424242,0.0246212121212121,0.3806818181818182,0.0416666666666666,0.1287878787878787,0.3162878787878788,528,0,corrected_phase95_historic_screen_v1,11af0f359546ca6499bfae9140aabdd065d51ec67e688c3529cde423613e044a,7,10,False,0.0,0.0,0.0,0.0,True,0.6994191770271447,0.6856296239512203,0.0137895530759244,0.0137895530759244,True,0.9654817104585264,0.95801133436373,0.0074703760947965,0.0074703760947965,True,0.99974220159835,0.99974220159835,0.0,0.0,True,0.0,0.0909090909090909,-0.0909090909090909,-0.0909090909090909,False,0.1818181818181818,0.1818181818181818,0.0,0.0,True,0.1818181818181818,0.2727272727272727,-0.0909090909090908,-0.0909090909090908,False,0.8181818181818182,0.7272727272727273,0.0909090909090909,0.0909090909090909,True,0.2621519257803906,0.3002375563379423,-0.0380856305575516,-0.0380856305575516,False,1.13855210791281,1.0,0.13855210791281,0.13855210791281,True,3880,0.99974220159835,3878,3879,archuleta_bluff_common_valid,3881,0.99974220159835,3878,1907.1214023893035,0.4912729011822008,,,,,,,reward_jon_p95_oishift875to90_heff,eval__holdout_2014_2024_08_17
89,reward_jon_p95_oishift875to90_heff,seed_011,completed,8e7fdcf7f68a103b7249dfb8516b8a28dce87f62,a46c01d4fdda860feb330e4af867ce73a003880c6a73745e16d9e466d6e8b009,holdout_2014_2024_08_17,22951.576600983768,5.912307213030337,0.0,0.0,6893.372435638949,1.775727057094011,,,-0.0034375,-8.854971664090675e-07,5412.5274027397945,1.3942625973054596,6749.145580677377,1.7385743381446104,1928.543035922214,0.4967910963220541,1.0,0.969345698093766,0.99974220159835,2280.8701596660067,0.1571969696969697,0.0909090909090909,0.1818181818181818,0.1818181818181818,0.7272727272727273,-311.235694739516,0.2,-0.1090909090909091,0.8181818181818182,0.0170454545454545,0.33,-0.1481818181818182,3.636363636363636,0.0757575757575757,0.5,-0.3181818181818182,9.181818181818182,0.1912878787878788,0.8,-0.0727272727272727,22.454545454545453,0.4678030303030303,0.2686775412880952,0.6520055565237692,0.923921383141768,1.1538439197339505,68.53991055433714,1095927.295150864,0.2734944497184092,1095927.295150864,0.2734944497184092,1.0,0.969345698093766,0.4199999999999999,1.0,0.9733724840996189,0.9733724840996189,0.7670653606161991,0.7676501179659863,0.9997422680412372,0.6353407337087877,0.8706011402677323,0.837619791800658,0.8706011402677323,0.837619791800658,0.0,0.0,701165.2183369086,0.5430190623390005,0.0,0.5430190623390005,0.0,0.0,0.0,0.0,0.0,0.0,0.0,0.0,0.0,0.9997422680412372,4007128.1017923183,-0.906654762723116,-0.7028596356418991,-0.872587540344801,-0.0785999840348383,-0.5077140003470986,3882,2859914.613607501,896050.9090909091,0.0,1958540.678085028,0.048896839594514,0.4924242424242424,896050.9090909091,0,0.1348571943809376,0.5851032315689726,0.5075757575757576,0.0378787878787878,0.2481060606060606,0.1079545454545454,0.0984848484848484,0.2784090909090909,528,0,corrected_phase95_historic_screen_v1,11af0f359546ca6499bfae9140aabdd065d51ec67e688c3529cde423613e044a,7,10,False,0.0,0.0,0.0,0.0,True,0.6520055565237692,0.6856296239512203,-0.033624067427451,-0.033624067427451,False,0.969345698093766,0.95801133436373,0.0113343637300361,0.0113343637300361,True,0.99974220159835,0.99974220159835,0.0,0.0,True,0.0909090909090909,0.0909090909090909,0.0,0.0,True,0.1818181818181818,0.1818181818181818,0.0,0.0,True,0.1818181818181818,0.2727272727272727,-0.0909090909090908,-0.0909090909090908,False,0.7272727272727273,0.7272727272727273,0.0,0.0,True,0.2686775412880952,0.3002375563379423,-0.0315600150498471,-0.0315600150498471,False,1.1538439197339505,1.0,0.1538439197339502,0.1538439197339502,True,3880,0.99974220159835,3878,3879,archuleta_bluff_common_valid,3881,0.99974220159835,3878,1967.991583505432,0.5069530096613684,,,,,,,reward_jon_p95_oishift875to90_heff,eval__holdout_2014_2024_08_17
97,reward_jon_p95_oishift875to90_heff,seed_012,completed,8e7fdcf7f68a103b7249dfb8516b8a28dce87f62,a46c01d4fdda860feb330e4af867ce73a003880c6a73745e16d9e466d6e8b009,holdout_2014_2024_08_17,17778.467933317643,4.579718684522835,0.0,0.0,5991.585924394152,1.543427595155629,,,-0.0034375,-8.854971664090675e-07,1513.2357279390449,0.3898082761306143,6710.648196681316,1.728657443761287,1841.2877783185163,0.4743142138893653,1.0,0.9605873261205564,0.99974220159835,2203.5664654103566,0.115530303030303,0.0909090909090909,0.1818181818181818,0.0,0.9090909090909092,-188.5093957561661,0.2,-0.1090909090909091,0.8181818181818182,0.0170454545454545,0.33,-0.1481818181818182,3.090909090909091,0.0643939393939393,0.5,-0.5,7.545454545454546,0.1571969696969697,0.8,0.109090909090909,26.09090909090909,0.5435606060606061,0.2359435817154892,0.5884883264062657,0.8512581270672962,1.266923734382855,129.47827751521274,777357.5677127341,0.2116323229100325,777357.5677127341,0.2116323229100325,1.0,0.9605873261205564,0.3836363636363636,1.0,0.9479403444735536,0.9479403444735536,0.6923392075367832,0.6741245191871122,0.9997422680412372,0.71782356945329,0.8553143521642282,0.8113600669611906,0.8553143521642282,0.8113600669611906,0.0,0.0,706610.1021510974,0.6432251416795466,0.0,0.6432251416795466,0.0,0.0,0.0,0.0,0.0,0.0,0.0,0.0,0.0,0.9997422680412372,3673151.421407392,-0.9566938984853162,-0.638501585370514,-0.67436638472929,-0.210595626759049,-0.4915301476915677,3882,3479347.550425648,930761.652892562,0.0,1551273.9410954074,0.3017292784734645,0.5643939393939394,930761.652892562,0,0.1437523309533789,0.605028935078593,0.4356060606060606,0.034090909090909,0.3768939393939394,0.0928030303030303,0.0606060606060606,0.3049242424242424,528,0,corrected_phase95_historic_screen_v1,11af0f359546ca6499bfae9140aabdd065d51ec67e688c3529cde423613e044a,7,10,False,0.0,0.0,0.0,0.0,True,0.5884883264062657,0.6856296239512203,-0.0971412975449546,-0.0971412975449546,False,0.9605873261205564,0.95801133436373,0.0025759917568264,0.0025759917568264,True,0.99974220159835,0.99974220159835,0.0,0.0,True,0.0909090909090909,0.0909090909090909,0.0,0.0,True,0.1818181818181818,0.1818181818181818,0.0,0.0,True,0.0,0.2727272727272727,-0.2727272727272727,-0.2727272727272727,False,0.9090909090909092,0.7272727272727273,0.1818181818181817,0.1818181818181817,True,0.2359435817154892,0.3002375563379423,-0.064293974622453,-0.064293974622453,False,1.266923734382855,1.0,0.266923734382855,0.266923734382855,True,3880,0.99974220159835,3878,3879,archuleta_bluff_common_valid,3881,0.99974220159835,3878,1721.713743484611,0.4435120410831044,,,,,,,reward_jon_p95_oishift875to90_heff,eval__holdout_2014_2024_08_17
105,reward_jon_p95_oishift875to90_heff,seed_013,completed,8e7fdcf7f68a103b7249dfb8516b8a28dce87f62,a46c01d4fdda860feb330e4af867ce73a003880c6a73745e16d9e466d6e8b009,holdout_2014_2024_08_17,22504.513065363688,5.797144014776839,0.0,0.0,7822.287718394107,2.015014868210744,,,-0.0034375,-8.854971664090675e-07,3964.941933437213,1.0213657736829502,6742.337044353898,1.736820464800077,1770.383432458787,0.4560493128435824,1.0,0.967284904688305,0.99974220159835,2346.571371252639,0.1420454545454545,0.0909090909090909,0.2727272727272727,0.2727272727272727,0.7272727272727273,-89.07357057816154,0.2,-0.1090909090909091,0.8181818181818182,0.0170454545454545,0.33,-0.0572727272727273,4.727272727272728,0.0984848484848484,0.5,-0.2272727272727273,9.909090909090908,0.2064393939393939,0.8,-0.0727272727272727,24.09090909090909,0.5018939393939393,0.3025808277058512,0.7425503053981773,0.9644288038898446,1.046757025828008,45.88267366214872,1328625.356063894,0.3002268932855892,1328625.356063894,0.3002268932855892,1.0,0.967284904688305,0.5336363636363636,1.0,0.9875500813614456,0.9875500813614456,0.8735885945860911,0.8645166505881463,0.9997422680412372,0.5996974756192144,0.898321651423393,0.878266075327301,0.898321651423393,0.878266075327301,0.0,0.0,647695.1590473072,0.3766099948480165,0.4379185986604842,0.4379185986604842,0.0,0.0,0.0,0.0,0.0,0.0,0.0,0.0,0.0,0.9997422680412372,4425404.205212376,-0.8773411345897969,-0.7626850412163397,-0.1734316051083087,-0.1026285234390665,-0.3996088604696772,3882,2284107.4464242323,1068119.008264463,0.0,2373047.394281458,1.0,0.5511363636363636,1068119.008264463,0,0.1457845441447242,0.5685396231088655,0.4488636363636363,0.034090909090909,0.303030303030303,0.0776515151515151,0.1363636363636363,0.3068181818181818,528,0,corrected_phase95_historic_screen_v1,11af0f359546ca6499bfae9140aabdd065d51ec67e688c3529cde423613e044a,10,10,True,0.0,0.0,0.0,0.0,True,0.7425503053981773,0.6856296239512203,0.056920681446957,0.056920681446957,True,0.967284904688305,0.95801133436373,0.0092735703245749,0.0092735703245749,True,0.99974220159835,0.99974220159835,0.0,0.0,True,0.0909090909090909,0.0909090909090909,0.0,0.0,True,0.2727272727272727,0.1818181818181818,0.0909090909090908,0.0909090909090908,True,0.2727272727272727,0.2727272727272727,0.0,0.0,True,0.7272727272727273,0.7272727272727273,0.0,0.0,True,0.3025808277058512,0.3002375563379423,0.0023432713679089,0.0023432713679089,True,1.046757025828008,1.0,0.0467570258280078,0.0467570258280078,True,3880,0.99974220159835,3878,3879,archuleta_bluff_common_valid,3881,0.99974220159835,3878,2204.5663742196853,0.5678944807366526,,,,,,,reward_jon_p95_oishift875to90_heff,eval__holdout_2014_2024_08_17
113,reward_jon_p95_oishift875to90_heff,seed_014,completed,8e7fdcf7f68a103b7249dfb8516b8a28dce87f62,a46c01d4fdda860feb330e4af867ce73a003880c6a73745e16d9e466d6e8b009,holdout_2014_2024_08_17,22704.51982370891,5.848665590857524,0.0,0.0,5744.581195730351,1.4797993806621204,,,-0.0034375,-8.854971664090675e-07,6537.900947716486,1.6841578948265037,6743.254155293016,1.737056711822003,1842.2292076998924,0.4745567253219712,1.0,0.9721792890262752,0.99974220159835,2265.6573499065607,0.1647727272727272,0.0909090909090909,0.1818181818181818,0.0909090909090909,0.7272727272727273,-229.7983643378724,0.2,-0.1090909090909091,0.8181818181818182,0.0170454545454545,0.33,-0.1481818181818182,4.090909090909091,0.0852272727272727,0.5,-0.409090909090909,9.454545454545457,0.1969696969696969,0.8,-0.0727272727272727,23.363636363636363,0.4867424242424242,0.2536515689418379,0.5676033624467094,0.9208174735669392,1.2184478948807542,87.7695554763273,960841.654512214,0.2395352371919164,960841.654512214,0.2395352371919164,1.0,0.9721792890262752,0.4199999999999999,1.0,0.9722861157484288,0.9722861157484288,0.6677686617020111,0.7247187684052513,0.9997422680412372,0.6806196837441114,0.867900780721637,0.8258929989474663,0.867900780721637,0.8258929989474663,0.0,0.0,676186.5245004448,0.0,0.0,0.0,0.0,0.0,0.0,0.0,0.0,0.0,0.0,0.0,0.0,0.9997422680412372,4011274.774334702,-0.9134415109583792,-0.6834963967871076,-0.1214193314734207,-0.1040171225913905,-0.3975183899006383,3882,3046281.7896496165,1032555.3719008263,0.0,1953287.514888212,1.0,0.5890151515151515,1032555.3719008263,0,0.1499980483169872,0.5788437116072023,0.4109848484848485,0.0397727272727272,0.3219696969696969,0.125,0.1022727272727272,0.3200757575757575,528,0,corrected_phase95_historic_screen_v1,11af0f359546ca6499bfae9140aabdd065d51ec67e688c3529cde423613e044a,7,10,False,0.0,0.0,0.0,0.0,True,0.5676033624467094,0.6856296239512203,-0.1180262615045109,-0.1180262615045109,False,0.9721792890262752,0.95801133436373,0.0141679546625451,0.0141679546625451,True,0.99974220159835,0.99974220159835,0.0,0.0,True,0.0909090909090909,0.0909090909090909,0.0,0.0,True,0.1818181818181818,0.1818181818181818,0.0,0.0,True,0.0909090909090909,0.2727272727272727,-0.1818181818181818,-0.1818181818181818,False,0.7272727272727273,0.7272727272727273,0.0,0.0,True,0.2536515689418379,0.3002375563379423,-0.0465859873961043,-0.0465859873961043,False,1.2184478948807542,1.0,0.2184478948807542,0.2184478948807542,True,3880,0.99974220159835,3878,3879,archuleta_bluff_common_valid,3881,0.99974220159835,3878,1836.557754769164,0.4730957637220928,,,,,,,reward_jon_p95_oishift875to90_heff,eval__holdout_2014_2024_08_17
121,reward_jon_p95_oishift875to90_heff,seed_015,completed,8e7fdcf7f68a103b7249dfb8516b8a28dce87f62,a46c01d4fdda860feb330e4af867ce73a003880c6a73745e16d9e466d6e8b009,holdout_2014_2024_08_17,21143.76417542794,5.446616222418325,0.0,0.0,5336.598297651532,1.374703322424403,,,-0.0034375,-8.854971664090675e-07,6551.106639529615,1.6875596701518842,6738.200010782363,1.735754768362278,795.8732233336843,0.205016286278641,1.0,0.9688304997424008,0.99974220159835,2219.2444438512125,0.1534090909090909,0.0909090909090909,0.2727272727272727,0.3636363636363636,1.0,549.5633472084547,0.2,-0.1090909090909091,0.8181818181818182,0.0170454545454545,0.33,-0.0572727272727273,4.363636363636363,0.0909090909090909,0.5,-0.1363636363636363,13.181818181818182,0.2746212121212121,0.8,0.1999999999999999,32.18181818181818,0.6704545454545454,0.2553779802150458,0.5445013137395712,0.920140683117428,1.1840698690863674,80.40506040803034,703906.8184374629,0.1552453979054102,703906.8184374629,0.1552453979054102,1.0,0.9688304997424008,0.4972727272727273,1.0,0.9720492390911,0.9720492390911,0.6405897808700838,0.7296513720429881,0.9997422680412372,0.7930061361261196,0.8818234479590905,0.8381591533124652,0.8818234479590905,0.8381591533124652,0.0,0.0,653296.6879091195,1.0,0.0,1.0,0.0,0.0,0.0,0.0,0.0,0.0,0.0,0.0,0.0,0.9997422680412372,4534155.781328523,-0.949293516269208,-0.6850977993269424,-0.1786760285833542,-0.0726723272601151,-0.2144057915129727,3882,3030868.619926705,1849154.3801652892,0.0,2363861.625956622,1.0,0.7859848484848485,1849154.3801652892,0,0.141904545840728,0.5630466827118541,0.2140151515151515,0.0511363636363636,0.3806818181818182,0.2234848484848484,0.1306818181818181,0.3806818181818182,528,0,corrected_phase95_historic_screen_v1,11af0f359546ca6499bfae9140aabdd065d51ec67e688c3529cde423613e044a,8,10,False,0.0,0.0,0.0,0.0,True,0.5445013137395712,0.6856296239512203,-0.141128310211649,-0.141128310211649,False,0.9688304997424008,0.95801133436373,0.0108191653786708,0.0108191653786708,True,0.99974220159835,0.99974220159835,0.0,0.0,True,0.0909090909090909,0.0909090909090909,0.0,0.0,True,0.2727272727272727,0.1818181818181818,0.0909090909090908,0.0909090909090908,True,0.3636363636363636,0.2727272727272727,0.0909090909090909,0.0909090909090909,True,1.0,0.7272727272727273,0.2727272727272727,0.2727272727272727,True,0.2553779802150458,0.3002375563379423,-0.0448595761228964,-0.0448595761228964,False,1.1840698690863674,1.0,0.1840698690863673,0.1840698690863673,True,3880,0.99974220159835,3878,3879,archuleta_bluff_common_valid,3881,0.99974220159835,3878,1721.989441630743,0.4435830606982851,,,,,,,reward_jon_p95_oishift875to90_heff,eval__holdout_2014_2024_08_17
