task_id,experiment,seed,status,git_commit,plan_id,requested_timesteps,resolved_timesteps,started_at,ended_at,error,compatibility_mismatches
0,reward_jon_p95_oishift875to90_hsoft,0,completed,8e7fdcf7f68a103b7249dfb8516b8a28dce87f62,a46c01d4fdda860feb330e4af867ce73a003880c6a73745e16d9e466d6e8b009,3159000,3157200,2026-09-17T15:30:45.971601+00:00,2026-09-17T18:14:37.792314+00:00,,
1,reward_jon_p95_oishift875to90_heff,0,completed,8e7fdcf7f68a103b7249dfb8516b8a28dce87f62,a46c01d4fdda860feb330e4af867ce73a003880c6a73745e16d9e466d6e8b009,3159000,3157200,2026-09-17T15:30:45.786999+00:00,2026-09-17T18:19:21.053041+00:00,,
2,reward_jon_p95_oishift875to90_hdisceff,0,completed,8e7fdcf7f68a103b7249dfb8516b8a28dce87f62,a46c01d4fdda860feb330e4af867ce73a003880c6a73745e16d9e466d6e8b009,3159000,3157200,2026-09-17T15:30:45.972499+00:00,2026-09-17T18:14:56.387326+00:00,,
3,reward_jon_p95_peak875_heff,0,completed,8e7fdcf7f68a103b7249dfb8516b8a28dce87f62,a46c01d4fdda860feb330e4af867ce73a003880c6a73745e16d9e466d6e8b009,3159000,3157200,2026-09-17T15:30:45.337929+00:00,2026-09-17T18:16:38.568025+00:00,,
4,reward_jon_p95_peak875_hdisceff,0,completed,8e7fdcf7f68a103b7249dfb8516b8a28dce87f62,a46c01d4fdda860feb330e4af867ce73a003880c6a73745e16d9e466d6e8b009,3159000,3157200,2026-09-17T15:30:45.908939+00:00,2026-09-17T18:15:14.871363+00:00,,
5,reward_jon_p95_plateau90_96_hsoft,0,completed,8e7fdcf7f68a103b7249dfb8516b8a28dce87f62,a46c01d4fdda860feb330e4af867ce73a003880c6a73745e16d9e466d6e8b009,3159000,3157200,2026-09-17T15:30:45.784782+00:00,2026-09-17T18:14:52.847427+00:00,,
6,reward_jon_p95_plateau90_96_heff,0,completed,8e7fdcf7f68a103b7249dfb8516b8a28dce87f62,a46c01d4fdda860feb330e4af867ce73a003880c6a73745e16d9e466d6e8b009,3159000,3157200,2026-09-17T15:30:45.958928+00:00,2026-09-17T18:18:56.734483+00:00,,
7,reward_jon_p95_oishift875to90_heff_niip275,0,completed,8e7fdcf7f68a103b7249dfb8516b8a28dce87f62,a46c01d4fdda860feb330e4af867ce73a003880c6a73745e16d9e466d6e8b009,3159000,3157200,2026-09-17T15:30:45.588347+00:00,2026-09-17T18:22:07.651039+00:00,,
8,reward_jon_p95_oishift875to90_hsoft,1,completed,8e7fdcf7f68a103b7249dfb8516b8a28dce87f62,a46c01d4fdda860feb330e4af867ce73a003880c6a73745e16d9e466d6e8b009,3159000,3157200,2026-09-17T15:30:45.556805+00:00,2026-09-17T18:19:11.207307+00:00,,
9,reward_jon_p95_oishift875to90_heff,1,completed,8e7fdcf7f68a103b7249dfb8516b8a28dce87f62,a46c01d4fdda860feb330e4af867ce73a003880c6a73745e16d9e466d6e8b009,3159000,3157200,2026-09-17T15:30:45.338478+00:00,2026-09-17T18:17:28.206632+00:00,,
10,reward_jon_p95_oishift875to90_hdisceff,1,completed,8e7fdcf7f68a103b7249dfb8516b8a28dce87f62,a46c01d4fdda860feb330e4af867ce73a003880c6a73745e16d9e466d6e8b009,3159000,3157200,2026-09-17T15:30:46.075942+00:00,2026-09-17T18:21:43.639209+00:00,,
11,reward_jon_p95_peak875_heff,1,completed,8e7fdcf7f68a103b7249dfb8516b8a28dce87f62,a46c01d4fdda860feb330e4af867ce73a003880c6a73745e16d9e466d6e8b009,3159000,3157200,2026-09-17T15:30:45.942438+00:00,2026-09-17T18:20:08.205793+00:00,,
12,reward_jon_p95_peak875_hdisceff,1,completed,8e7fdcf7f68a103b7249dfb8516b8a28dce87f62,a46c01d4fdda860feb330e4af867ce73a003880c6a73745e16d9e466d6e8b009,3159000,3157200,2026-09-17T15:30:45.783612+00:00,2026-09-17T18:17:03.122317+00:00,,
13,reward_jon_p95_plateau90_96_hsoft,1,completed,8e7fdcf7f68a103b7249dfb8516b8a28dce87f62,a46c01d4fdda860feb330e4af867ce73a003880c6a73745e16d9e466d6e8b009,3159000,3157200,2026-09-17T15:30:45.500325+00:00,2026-09-17T18:27:16.709958+00:00,,
14,reward_jon_p95_plateau90_96_heff,1,completed,8e7fdcf7f68a103b7249dfb8516b8a28dce87f62,a46c01d4fdda860feb330e4af867ce73a003880c6a73745e16d9e466d6e8b009,3159000,3157200,2026-09-17T15:30:46.093650+00:00,2026-09-17T18:20:03.686922+00:00,,
15,reward_jon_p95_oishift875to90_heff_niip275,1,completed,8e7fdcf7f68a103b7249dfb8516b8a28dce87f62,a46c01d4fdda860feb330e4af867ce73a003880c6a73745e16d9e466d6e8b009,3159000,3157200,2026-09-17T15:30:46.048034+00:00,2026-09-17T18:16:09.347062+00:00,,
16,reward_jon_p95_oishift875to90_hsoft,2,completed,8e7fdcf7f68a103b7249dfb8516b8a28dce87f62,a46c01d4fdda860feb330e4af867ce73a003880c6a73745e16d9e466d6e8b009,3159000,3157200,2026-09-17T15:30:46.681621+00:00,2026-09-17T18:17:58.793129+00:00,,
17,reward_jon_p95_oishift875to90_heff,2,completed,8e7fdcf7f68a103b7249dfb8516b8a28dce87f62,a46c01d4fdda860feb330e4af867ce73a003880c6a73745e16d9e466d6e8b009,3159000,3157200,2026-09-17T15:30:46.483224+00:00,2026-09-17T18:47:49.798771+00:00,,
18,reward_jon_p95_oishift875to90_hdisceff,2,completed,8e7fdcf7f68a103b7249dfb8516b8a28dce87f62,a46c01d4fdda860feb330e4af867ce73a003880c6a73745e16d9e466d6e8b009,3159000,3157200,2026-09-17T15:30:46.373420+00:00,2026-09-17T18:11:58.089741+00:00,,
19,reward_jon_p95_peak875_heff,2,completed,8e7fdcf7f68a103b7249dfb8516b8a28dce87f62,a46c01d4fdda860feb330e4af867ce73a003880c6a73745e16d9e466d6e8b009,3159000,3157200,2026-09-17T15:30:46.678415+00:00,2026-09-17T18:15:26.462162+00:00,,
20,reward_jon_p95_peak875_hdisceff,2,completed,8e7fdcf7f68a103b7249dfb8516b8a28dce87f62,a46c01d4fdda860feb330e4af867ce73a003880c6a73745e16d9e466d6e8b009,3159000,3157200,2026-09-17T15:30:46.390413+00:00,2026-09-17T18:21:19.396333+00:00,,
21,reward_jon_p95_plateau90_96_hsoft,2,completed,8e7fdcf7f68a103b7249dfb8516b8a28dce87f62,a46c01d4fdda860feb330e4af867ce73a003880c6a73745e16d9e466d6e8b009,3159000,3157200,2026-09-17T15:30:46.589250+00:00,2026-09-17T18:19:09.320083+00:00,,
22,reward_jon_p95_plateau90_96_heff,2,completed,8e7fdcf7f68a103b7249dfb8516b8a28dce87f62,a46c01d4fdda860feb330e4af867ce73a003880c6a73745e16d9e466d6e8b009,3159000,3157200,2026-09-17T15:30:46.391319+00:00,2026-09-17T18:12:20.485638+00:00,,
23,reward_jon_p95_oishift875to90_heff_niip275,2,completed,8e7fdcf7f68a103b7249dfb8516b8a28dce87f62,a46c01d4fdda860feb330e4af867ce73a003880c6a73745e16d9e466d6e8b009,3159000,3157200,2026-09-17T15:30:46.632161+00:00,2026-09-17T18:12:42.002458+00:00,,
24,reward_jon_p95_oishift875to90_hsoft,3,completed,8e7fdcf7f68a103b7249dfb8516b8a28dce87f62,a46c01d4fdda860feb330e4af867ce73a003880c6a73745e16d9e466d6e8b009,3159000,3157200,2026-09-17T15:30:46.483147+00:00,2026-09-17T18:17:13.212727+00:00,,
25,reward_jon_p95_oishift875to90_heff,3,completed,8e7fdcf7f68a103b7249dfb8516b8a28dce87f62,a46c01d4fdda860feb330e4af867ce73a003880c6a73745e16d9e466d6e8b009,3159000,3157200,2026-09-17T15:30:46.585271+00:00,2026-09-17T18:15:28.032548+00:00,,
26,reward_jon_p95_oishift875to90_hdisceff,3,completed,8e7fdcf7f68a103b7249dfb8516b8a28dce87f62,a46c01d4fdda860feb330e4af867ce73a003880c6a73745e16d9e466d6e8b009,3159000,3157200,2026-09-17T15:30:46.681445+00:00,2026-09-17T18:16:34.593969+00:00,,
27,reward_jon_p95_peak875_heff,3,completed,8e7fdcf7f68a103b7249dfb8516b8a28dce87f62,a46c01d4fdda860feb330e4af867ce73a003880c6a73745e16d9e466d6e8b009,3159000,3157200,2026-09-17T15:30:46.475525+00:00,2026-09-17T18:13:47.707123+00:00,,
28,reward_jon_p95_peak875_hdisceff,3,completed,8e7fdcf7f68a103b7249dfb8516b8a28dce87f62,a46c01d4fdda860feb330e4af867ce73a003880c6a73745e16d9e466d6e8b009,3159000,3157200,2026-09-17T15:30:46.681218+00:00,2026-09-17T18:21:13.888995+00:00,,
29,reward_jon_p95_plateau90_96_hsoft,3,completed,8e7fdcf7f68a103b7249dfb8516b8a28dce87f62,a46c01d4fdda860feb330e4af867ce73a003880c6a73745e16d9e466d6e8b009,3159000,3157200,2026-09-17T15:30:46.484012+00:00,2026-09-17T18:13:06.627176+00:00,,
30,reward_jon_p95_plateau90_96_heff,3,completed,8e7fdcf7f68a103b7249dfb8516b8a28dce87f62,a46c01d4fdda860feb330e4af867ce73a003880c6a73745e16d9e466d6e8b009,3159000,3157200,2026-09-17T15:30:46.628025+00:00,2026-09-17T18:19:58.002570+00:00,,
31,reward_jon_p95_oishift875to90_heff_niip275,3,completed,8e7fdcf7f68a103b7249dfb8516b8a28dce87f62,a46c01d4fdda860feb330e4af867ce73a003880c6a73745e16d9e466d6e8b009,3159000,3157200,2026-09-17T15:30:46.509598+00:00,2026-09-17T18:19:03.701013+00:00,,
32,reward_jon_p95_oishift875to90_hsoft,4,completed,8e7fdcf7f68a103b7249dfb8516b8a28dce87f62,a46c01d4fdda860feb330e4af867ce73a003880c6a73745e16d9e466d6e8b009,3159000,3157200,2026-09-17T15:30:59.519265+00:00,2026-09-17T18:14:58.261418+00:00,,
33,reward_jon_p95_oishift875to90_heff,4,completed,8e7fdcf7f68a103b7249dfb8516b8a28dce87f62,a46c01d4fdda860feb330e4af867ce73a003880c6a73745e16d9e466d6e8b009,3159000,3157200,2026-09-17T15:30:59.482358+00:00,2026-09-17T18:52:16.150605+00:00,,
34,reward_jon_p95_oishift875to90_hdisceff,4,completed,8e7fdcf7f68a103b7249dfb8516b8a28dce87f62,a46c01d4fdda860feb330e4af867ce73a003880c6a73745e16d9e466d6e8b009,3159000,3157200,2026-09-17T15:30:59.441654+00:00,2026-09-17T18:08:10.246935+00:00,,
35,reward_jon_p95_peak875_heff,4,completed,8e7fdcf7f68a103b7249dfb8516b8a28dce87f62,a46c01d4fdda860feb330e4af867ce73a003880c6a73745e16d9e466d6e8b009,3159000,3157200,2026-09-17T15:30:59.434782+00:00,2026-09-17T18:20:10.580062+00:00,,
36,reward_jon_p95_peak875_hdisceff,4,completed,8e7fdcf7f68a103b7249dfb8516b8a28dce87f62,a46c01d4fdda860feb330e4af867ce73a003880c6a73745e16d9e466d6e8b009,3159000,3157200,2026-09-17T15:30:59.421509+00:00,2026-09-17T18:13:12.740241+00:00,,
37,reward_jon_p95_plateau90_96_hsoft,4,completed,8e7fdcf7f68a103b7249dfb8516b8a28dce87f62,a46c01d4fdda860feb330e4af867ce73a003880c6a73745e16d9e466d6e8b009,3159000,3157200,2026-09-17T15:30:59.456468+00:00,2026-09-17T18:10:36.383957+00:00,,
38,reward_jon_p95_plateau90_96_heff,4,completed,8e7fdcf7f68a103b7249dfb8516b8a28dce87f62,a46c01d4fdda860feb330e4af867ce73a003880c6a73745e16d9e466d6e8b009,3159000,3157200,2026-09-17T15:30:59.454401+00:00,2026-09-17T18:19:32.153257+00:00,,
39,reward_jon_p95_oishift875to90_heff_niip275,4,completed,8e7fdcf7f68a103b7249dfb8516b8a28dce87f62,a46c01d4fdda860feb330e4af867ce73a003880c6a73745e16d9e466d6e8b009,3159000,3157200,2026-09-17T15:30:59.411090+00:00,2026-09-17T18:17:15.217310+00:00,,
40,reward_jon_p95_oishift875to90_hsoft,5,completed,8e7fdcf7f68a103b7249dfb8516b8a28dce87f62,a46c01d4fdda860feb330e4af867ce73a003880c6a73745e16d9e466d6e8b009,3159000,3157200,2026-09-17T15:30:59.522961+00:00,2026-09-17T18:18:28.110589+00:00,,
41,reward_jon_p95_oishift875to90_heff,5,completed,8e7fdcf7f68a103b7249dfb8516b8a28dce87f62,a46c01d4fdda860feb330e4af867ce73a003880c6a73745e16d9e466d6e8b009,3159000,3157200,2026-09-17T15:30:59.460720+00:00,2026-09-17T18:20:29.712300+00:00,,
42,reward_jon_p95_oishift875to90_hdisceff,5,completed,8e7fdcf7f68a103b7249dfb8516b8a28dce87f62,a46c01d4fdda860feb330e4af867ce73a003880c6a73745e16d9e466d6e8b009,3159000,3157200,2026-09-17T15:30:59.465787+00:00,2026-09-17T18:15:27.134781+00:00,,
43,reward_jon_p95_peak875_heff,5,completed,8e7fdcf7f68a103b7249dfb8516b8a28dce87f62,a46c01d4fdda860feb330e4af867ce73a003880c6a73745e16d9e466d6e8b009,3159000,3157200,2026-09-17T15:30:59.408532+00:00,2026-09-17T18:19:24.732949+00:00,,
44,reward_jon_p95_peak875_hdisceff,5,completed,8e7fdcf7f68a103b7249dfb8516b8a28dce87f62,a46c01d4fdda860feb330e4af867ce73a003880c6a73745e16d9e466d6e8b009,3159000,3157200,2026-09-17T15:30:59.443470+00:00,2026-09-17T18:13:07.092755+00:00,,
45,reward_jon_p95_plateau90_96_hsoft,5,completed,8e7fdcf7f68a103b7249dfb8516b8a28dce87f62,a46c01d4fdda860feb330e4af867ce73a003880c6a73745e16d9e466d6e8b009,3159000,3157200,2026-09-17T15:30:59.466999+00:00,2026-09-17T18:19:01.783309+00:00,,
46,reward_jon_p95_plateau90_96_heff,5,completed,8e7fdcf7f68a103b7249dfb8516b8a28dce87f62,a46c01d4fdda860feb330e4af867ce73a003880c6a73745e16d9e466d6e8b009,3159000,3157200,2026-09-17T15:30:59.415191+00:00,2026-09-17T18:15:07.069871+00:00,,
47,reward_jon_p95_oishift875to90_heff_niip275,5,completed,8e7fdcf7f68a103b7249dfb8516b8a28dce87f62,a46c01d4fdda860feb330e4af867ce73a003880c6a73745e16d9e466d6e8b009,3159000,3157200,2026-09-17T15:30:59.417939+00:00,2026-09-17T18:18:06.400904+00:00,,
48,reward_jon_p95_oishift875to90_hsoft,6,completed,8e7fdcf7f68a103b7249dfb8516b8a28dce87f62,a46c01d4fdda860feb330e4af867ce73a003880c6a73745e16d9e466d6e8b009,3159000,3157200,2026-09-17T15:30:59.499052+00:00,2026-09-17T18:51:15.458982+00:00,,
49,reward_jon_p95_oishift875to90_heff,6,completed,8e7fdcf7f68a103b7249dfb8516b8a28dce87f62,a46c01d4fdda860feb330e4af867ce73a003880c6a73745e16d9e466d6e8b009,3159000,3157200,2026-09-17T15:30:59.469676+00:00,2026-09-17T18:20:00.178295+00:00,,
50,reward_jon_p95_oishift875to90_hdisceff,6,completed,8e7fdcf7f68a103b7249dfb8516b8a28dce87f62,a46c01d4fdda860feb330e4af867ce73a003880c6a73745e16d9e466d6e8b009,3159000,3157200,2026-09-17T15:30:59.468064+00:00,2026-09-17T18:12:08.730394+00:00,,
51,reward_jon_p95_peak875_heff,6,completed,8e7fdcf7f68a103b7249dfb8516b8a28dce87f62,a46c01d4fdda860feb330e4af867ce73a003880c6a73745e16d9e466d6e8b009,3159000,3157200,2026-09-17T15:30:59.499759+00:00,2026-09-17T18:14:16.603043+00:00,,
52,reward_jon_p95_peak875_hdisceff,6,completed,8e7fdcf7f68a103b7249dfb8516b8a28dce87f62,a46c01d4fdda860feb330e4af867ce73a003880c6a73745e16d9e466d6e8b009,3159000,3157200,2026-09-17T15:30:59.481587+00:00,2026-09-17T18:13:45.963267+00:00,,
53,reward_jon_p95_plateau90_96_hsoft,6,completed,8e7fdcf7f68a103b7249dfb8516b8a28dce87f62,a46c01d4fdda860feb330e4af867ce73a003880c6a73745e16d9e466d6e8b009,3159000,3157200,2026-09-17T15:30:59.496982+00:00,2026-09-17T18:16:54.696836+00:00,,
54,reward_jon_p95_plateau90_96_heff,6,completed,8e7fdcf7f68a103b7249dfb8516b8a28dce87f62,a46c01d4fdda860feb330e4af867ce73a003880c6a73745e16d9e466d6e8b009,3159000,3157200,2026-09-17T15:30:59.480624+00:00,2026-09-17T18:12:42.092028+00:00,,
55,reward_jon_p95_oishift875to90_heff_niip275,6,completed,8e7fdcf7f68a103b7249dfb8516b8a28dce87f62,a46c01d4fdda860feb330e4af867ce73a003880c6a73745e16d9e466d6e8b009,3159000,3157200,2026-09-17T15:30:59.482207+00:00,2026-09-17T18:22:43.646148+00:00,,
56,reward_jon_p95_oishift875to90_hsoft,7,completed,8e7fdcf7f68a103b7249dfb8516b8a28dce87f62,a46c01d4fdda860feb330e4af867ce73a003880c6a73745e16d9e466d6e8b009,3159000,3157200,2026-09-17T15:30:59.496567+00:00,2026-09-17T18:18:59.693156+00:00,,
57,reward_jon_p95_oishift875to90_heff,7,completed,8e7fdcf7f68a103b7249dfb8516b8a28dce87f62,a46c01d4fdda860feb330e4af867ce73a003880c6a73745e16d9e466d6e8b009,3159000,3157200,2026-09-17T15:30:59.466653+00:00,2026-09-17T18:17:52.002413+00:00,,
58,reward_jon_p95_oishift875to90_hdisceff,7,completed,8e7fdcf7f68a103b7249dfb8516b8a28dce87f62,a46c01d4fdda860feb330e4af867ce73a003880c6a73745e16d9e466d6e8b009,3159000,3157200,2026-09-17T15:30:59.473425+00:00,2026-09-17T18:15:21.433387+00:00,,
59,reward_jon_p95_peak875_heff,7,completed,8e7fdcf7f68a103b7249dfb8516b8a28dce87f62,a46c01d4fdda860feb330e4af867ce73a003880c6a73745e16d9e466d6e8b009,3159000,3157200,2026-09-17T15:30:59.502831+00:00,2026-09-17T18:17:09.697304+00:00,,
60,reward_jon_p95_peak875_hdisceff,7,completed,8e7fdcf7f68a103b7249dfb8516b8a28dce87f62,a46c01d4fdda860feb330e4af867ce73a003880c6a73745e16d9e466d6e8b009,3159000,3157200,2026-09-17T15:30:59.495211+00:00,2026-09-17T18:19:19.604624+00:00,,
61,reward_jon_p95_plateau90_96_hsoft,7,completed,8e7fdcf7f68a103b7249dfb8516b8a28dce87f62,a46c01d4fdda860feb330e4af867ce73a003880c6a73745e16d9e466d6e8b009,3159000,3157200,2026-09-17T15:30:59.490167+00:00,2026-09-17T18:15:21.508063+00:00,,
62,reward_jon_p95_plateau90_96_heff,7,completed,8e7fdcf7f68a103b7249dfb8516b8a28dce87f62,a46c01d4fdda860feb330e4af867ce73a003880c6a73745e16d9e466d6e8b009,3159000,3157200,2026-09-17T15:30:59.484592+00:00,2026-09-17T18:16:13.055063+00:00,,
63,reward_jon_p95_oishift875to90_heff_niip275,7,completed,8e7fdcf7f68a103b7249dfb8516b8a28dce87f62,a46c01d4fdda860feb330e4af867ce73a003880c6a73745e16d9e466d6e8b009,3159000,3157200,2026-09-17T15:30:59.466708+00:00,2026-09-17T18:18:15.946589+00:00,,
64,reward_jon_p95_oishift875to90_hsoft,8,completed,8e7fdcf7f68a103b7249dfb8516b8a28dce87f62,a46c01d4fdda860feb330e4af867ce73a003880c6a73745e16d9e466d6e8b009,3159000,3157200,2026-09-17T15:30:46.536158+00:00,2026-09-17T18:13:23.441996+00:00,,
65,reward_jon_p95_oishift875to90_heff,8,completed,8e7fdcf7f68a103b7249dfb8516b8a28dce87f62,a46c01d4fdda860feb330e4af867ce73a003880c6a73745e16d9e466d6e8b009,3159000,3157200,2026-09-17T15:30:46.524991+00:00,2026-09-17T18:14:58.218294+00:00,,
66,reward_jon_p95_oishift875to90_hdisceff,8,completed,8e7fdcf7f68a103b7249dfb8516b8a28dce87f62,a46c01d4fdda860feb330e4af867ce73a003880c6a73745e16d9e466d6e8b009,3159000,3157200,2026-09-17T15:30:46.517911+00:00,2026-09-17T18:18:44.280675+00:00,,
67,reward_jon_p95_peak875_heff,8,completed,8e7fdcf7f68a103b7249dfb8516b8a28dce87f62,a46c01d4fdda860feb330e4af867ce73a003880c6a73745e16d9e466d6e8b009,3159000,3157200,2026-09-17T15:30:46.717331+00:00,2026-09-17T18:21:45.686136+00:00,,
68,reward_jon_p95_peak875_hdisceff,8,completed,8e7fdcf7f68a103b7249dfb8516b8a28dce87f62,a46c01d4fdda860feb330e4af867ce73a003880c6a73745e16d9e466d6e8b009,3159000,3157200,2026-09-17T15:30:46.514829+00:00,2026-09-17T18:16:53.932228+00:00,,
69,reward_jon_p95_plateau90_96_hsoft,8,completed,8e7fdcf7f68a103b7249dfb8516b8a28dce87f62,a46c01d4fdda860feb330e4af867ce73a003880c6a73745e16d9e466d6e8b009,3159000,3157200,2026-09-17T15:30:46.565908+00:00,2026-09-17T18:19:12.121774+00:00,,
70,reward_jon_p95_plateau90_96_heff,8,completed,8e7fdcf7f68a103b7249dfb8516b8a28dce87f62,a46c01d4fdda860feb330e4af867ce73a003880c6a73745e16d9e466d6e8b009,3159000,3157200,2026-09-17T15:30:46.552609+00:00,2026-09-17T18:20:48.716471+00:00,,
71,reward_jon_p95_oishift875to90_heff_niip275,8,completed,8e7fdcf7f68a103b7249dfb8516b8a28dce87f62,a46c01d4fdda860feb330e4af867ce73a003880c6a73745e16d9e466d6e8b009,3159000,3157200,2026-09-17T15:30:46.529894+00:00,2026-09-17T18:15:21.438255+00:00,,
72,reward_jon_p95_oishift875to90_hsoft,9,completed,8e7fdcf7f68a103b7249dfb8516b8a28dce87f62,a46c01d4fdda860feb330e4af867ce73a003880c6a73745e16d9e466d6e8b009,3159000,3157200,2026-09-17T15:30:46.531837+00:00,2026-09-17T18:16:24.929865+00:00,,
73,reward_jon_p95_oishift875to90_heff,9,completed,8e7fdcf7f68a103b7249dfb8516b8a28dce87f62,a46c01d4fdda860feb330e4af867ce73a003880c6a73745e16d9e466d6e8b009,3159000,3157200,2026-09-17T15:30:46.516980+00:00,2026-09-17T18:13:31.970169+00:00,,
74,reward_jon_p95_oishift875to90_hdisceff,9,completed,8e7fdcf7f68a103b7249dfb8516b8a28dce87f62,a46c01d4fdda860feb330e4af867ce73a003880c6a73745e16d9e466d6e8b009,3159000,3157200,2026-09-17T15:30:46.747497+00:00,2026-09-17T18:14:35.749815+00:00,,
75,reward_jon_p95_peak875_heff,9,completed,8e7fdcf7f68a103b7249dfb8516b8a28dce87f62,a46c01d4fdda860feb330e4af867ce73a003880c6a73745e16d9e466d6e8b009,3159000,3157200,2026-09-17T15:30:46.709719+00:00,2026-09-17T18:20:57.437356+00:00,,
76,reward_jon_p95_peak875_hdisceff,9,completed,8e7fdcf7f68a103b7249dfb8516b8a28dce87f62,a46c01d4fdda860feb330e4af867ce73a003880c6a73745e16d9e466d6e8b009,3159000,3157200,2026-09-17T15:30:46.905374+00:00,2026-09-17T18:21:52.775273+00:00,,
77,reward_jon_p95_plateau90_96_hsoft,9,completed,8e7fdcf7f68a103b7249dfb8516b8a28dce87f62,a46c01d4fdda860feb330e4af867ce73a003880c6a73745e16d9e466d6e8b009,3159000,3157200,2026-09-17T15:30:47.082142+00:00,2026-09-17T18:19:53.554042+00:00,,
78,reward_jon_p95_plateau90_96_heff,9,completed,8e7fdcf7f68a103b7249dfb8516b8a28dce87f62,a46c01d4fdda860feb330e4af867ce73a003880c6a73745e16d9e466d6e8b009,3159000,3157200,2026-09-17T15:30:46.543924+00:00,2026-09-17T18:17:31.928159+00:00,,
79,reward_jon_p95_oishift875to90_heff_niip275,9,completed,8e7fdcf7f68a103b7249dfb8516b8a28dce87f62,a46c01d4fdda860feb330e4af867ce73a003880c6a73745e16d9e466d6e8b009,3159000,3157200,2026-09-17T15:30:46.983322+00:00,2026-09-17T18:20:21.911154+00:00,,
80,reward_jon_p95_oishift875to90_hsoft,10,completed,8e7fdcf7f68a103b7249dfb8516b8a28dce87f62,a46c01d4fdda860feb330e4af867ce73a003880c6a73745e16d9e466d6e8b009,3159000,3157200,2026-09-17T15:30:59.963044+00:00,2026-09-17T18:15:26.879910+00:00,,
81,reward_jon_p95_oishift875to90_heff,10,completed,8e7fdcf7f68a103b7249dfb8516b8a28dce87f62,a46c01d4fdda860feb330e4af867ce73a003880c6a73745e16d9e466d6e8b009,3159000,3157200,2026-09-17T15:30:59.962220+00:00,2026-09-17T18:13:05.628977+00:00,,
82,reward_jon_p95_oishift875to90_hdisceff,10,completed,8e7fdcf7f68a103b7249dfb8516b8a28dce87f62,a46c01d4fdda860feb330e4af867ce73a003880c6a73745e16d9e466d6e8b009,3159000,3157200,2026-09-17T15:30:59.972981+00:00,2026-09-17T18:20:53.226216+00:00,,
83,reward_jon_p95_peak875_heff,10,completed,8e7fdcf7f68a103b7249dfb8516b8a28dce87f62,a46c01d4fdda860feb330e4af867ce73a003880c6a73745e16d9e466d6e8b009,3159000,3157200,2026-09-17T15:30:59.995074+00:00,2026-09-17T18:11:37.437640+00:00,,
84,reward_jon_p95_peak875_hdisceff,10,completed,8e7fdcf7f68a103b7249dfb8516b8a28dce87f62,a46c01d4fdda860feb330e4af867ce73a003880c6a73745e16d9e466d6e8b009,3159000,3157200,2026-09-17T15:30:59.989360+00:00,2026-09-17T18:13:37.792662+00:00,,
85,reward_jon_p95_plateau90_96_hsoft,10,completed,8e7fdcf7f68a103b7249dfb8516b8a28dce87f62,a46c01d4fdda860feb330e4af867ce73a003880c6a73745e16d9e466d6e8b009,3159000,3157200,2026-09-17T15:30:59.976177+00:00,2026-09-17T18:15:58.387615+00:00,,
86,reward_jon_p95_plateau90_96_heff,10,completed,8e7fdcf7f68a103b7249dfb8516b8a28dce87f62,a46c01d4fdda860feb330e4af867ce73a003880c6a73745e16d9e466d6e8b009,3159000,3157200,2026-09-17T15:30:59.964273+00:00,2026-09-17T18:53:07.015398+00:00,,
87,reward_jon_p95_oishift875to90_heff_niip275,10,completed,8e7fdcf7f68a103b7249dfb8516b8a28dce87f62,a46c01d4fdda860feb330e4af867ce73a003880c6a73745e16d9e466d6e8b009,3159000,3157200,2026-09-17T15:30:59.966512+00:00,2026-09-17T18:14:55.036417+00:00,,
88,reward_jon_p95_oishift875to90_hsoft,11,completed,8e7fdcf7f68a103b7249dfb8516b8a28dce87f62,a46c01d4fdda860feb330e4af867ce73a003880c6a73745e16d9e466d6e8b009,3159000,3157200,2026-09-17T15:30:59.974070+00:00,2026-09-17T18:19:25.061439+00:00,,
89,reward_jon_p95_oishift875to90_heff,11,completed,8e7fdcf7f68a103b7249dfb8516b8a28dce87f62,a46c01d4fdda860feb330e4af867ce73a003880c6a73745e16d9e466d6e8b009,3159000,3157200,2026-09-17T15:30:59.965912+00:00,2026-09-17T18:14:09.398080+00:00,,
90,reward_jon_p95_oishift875to90_hdisceff,11,completed,8e7fdcf7f68a103b7249dfb8516b8a28dce87f62,a46c01d4fdda860feb330e4af867ce73a003880c6a73745e16d9e466d6e8b009,3159000,3157200,2026-09-17T15:30:59.982869+00:00,2026-09-17T18:20:44.666176+00:00,,
91,reward_jon_p95_peak875_heff,11,completed,8e7fdcf7f68a103b7249dfb8516b8a28dce87f62,a46c01d4fdda860feb330e4af867ce73a003880c6a73745e16d9e466d6e8b009,3159000,3157200,2026-09-17T15:30:59.991226+00:00,2026-09-17T18:17:16.943673+00:00,,
92,reward_jon_p95_peak875_hdisceff,11,completed,8e7fdcf7f68a103b7249dfb8516b8a28dce87f62,a46c01d4fdda860feb330e4af867ce73a003880c6a73745e16d9e466d6e8b009,3159000,3157200,2026-09-17T15:30:59.986243+00:00,2026-09-17T18:20:45.528221+00:00,,
93,reward_jon_p95_plateau90_96_hsoft,11,completed,8e7fdcf7f68a103b7249dfb8516b8a28dce87f62,a46c01d4fdda860feb330e4af867ce73a003880c6a73745e16d9e466d6e8b009,3159000,3157200,2026-09-17T15:30:59.987998+00:00,2026-09-17T18:15:28.734018+00:00,,
94,reward_jon_p95_plateau90_96_heff,11,completed,8e7fdcf7f68a103b7249dfb8516b8a28dce87f62,a46c01d4fdda860feb330e4af867ce73a003880c6a73745e16d9e466d6e8b009,3159000,3157200,2026-09-17T15:30:59.968487+00:00,2026-09-17T18:19:00.017338+00:00,,
95,reward_jon_p95_oishift875to90_heff_niip275,11,completed,8e7fdcf7f68a103b7249dfb8516b8a28dce87f62,a46c01d4fdda860feb330e4af867ce73a003880c6a73745e16d9e466d6e8b009,3159000,3157200,2026-09-17T15:30:59.986238+00:00,2026-09-17T18:16:56.554763+00:00,,
96,reward_jon_p95_oishift875to90_hsoft,12,completed,8e7fdcf7f68a103b7249dfb8516b8a28dce87f62,a46c01d4fdda860feb330e4af867ce73a003880c6a73745e16d9e466d6e8b009,3159000,3157200,2026-09-17T15:31:01.245404+00:00,2026-09-17T18:47:12.015867+00:00,,
97,reward_jon_p95_oishift875to90_heff,12,completed,8e7fdcf7f68a103b7249dfb8516b8a28dce87f62,a46c01d4fdda860feb330e4af867ce73a003880c6a73745e16d9e466d6e8b009,3159000,3157200,2026-09-17T15:31:01.252519+00:00,2026-09-17T18:14:38.516175+00:00,,
98,reward_jon_p95_oishift875to90_hdisceff,12,completed,8e7fdcf7f68a103b7249dfb8516b8a28dce87f62,a46c01d4fdda860feb330e4af867ce73a003880c6a73745e16d9e466d6e8b009,3159000,3157200,2026-09-17T15:31:01.270526+00:00,2026-09-17T18:19:08.884829+00:00,,
99,reward_jon_p95_peak875_heff,12,completed,8e7fdcf7f68a103b7249dfb8516b8a28dce87f62,a46c01d4fdda860feb330e4af867ce73a003880c6a73745e16d9e466d6e8b009,3159000,3157200,2026-09-17T15:31:01.222768+00:00,2026-09-17T18:20:35.990708+00:00,,
100,reward_jon_p95_peak875_hdisceff,12,completed,8e7fdcf7f68a103b7249dfb8516b8a28dce87f62,a46c01d4fdda860feb330e4af867ce73a003880c6a73745e16d9e466d6e8b009,3159000,3157200,2026-09-17T15:31:01.253556+00:00,2026-09-17T18:15:10.075516+00:00,,
101,reward_jon_p95_plateau90_96_hsoft,12,completed,8e7fdcf7f68a103b7249dfb8516b8a28dce87f62,a46c01d4fdda860feb330e4af867ce73a003880c6a73745e16d9e466d6e8b009,3159000,3157200,2026-09-17T15:31:01.265739+00:00,2026-09-17T18:23:18.878777+00:00,,
102,reward_jon_p95_plateau90_96_heff,12,completed,8e7fdcf7f68a103b7249dfb8516b8a28dce87f62,a46c01d4fdda860feb330e4af867ce73a003880c6a73745e16d9e466d6e8b009,3159000,3157200,2026-09-17T15:31:01.250730+00:00,2026-09-17T18:15:28.798473+00:00,,
103,reward_jon_p95_oishift875to90_heff_niip275,12,completed,8e7fdcf7f68a103b7249dfb8516b8a28dce87f62,a46c01d4fdda860feb330e4af867ce73a003880c6a73745e16d9e466d6e8b009,3159000,3157200,2026-09-17T15:31:01.230806+00:00,2026-09-17T18:19:04.992553+00:00,,
104,reward_jon_p95_oishift875to90_hsoft,13,completed,8e7fdcf7f68a103b7249dfb8516b8a28dce87f62,a46c01d4fdda860feb330e4af867ce73a003880c6a73745e16d9e466d6e8b009,3159000,3157200,2026-09-17T15:31:01.242053+00:00,2026-09-17T18:16:07.354094+00:00,,
105,reward_jon_p95_oishift875to90_heff,13,completed,8e7fdcf7f68a103b7249dfb8516b8a28dce87f62,a46c01d4fdda860feb330e4af867ce73a003880c6a73745e16d9e466d6e8b009,3159000,3157200,2026-09-17T15:31:01.214781+00:00,2026-09-17T18:19:11.298705+00:00,,
106,reward_jon_p95_oishift875to90_hdisceff,13,completed,8e7fdcf7f68a103b7249dfb8516b8a28dce87f62,a46c01d4fdda860feb330e4af867ce73a003880c6a73745e16d9e466d6e8b009,3159000,3157200,2026-09-17T15:31:01.253935+00:00,2026-09-17T18:20:18.446444+00:00,,
107,reward_jon_p95_peak875_heff,13,completed,8e7fdcf7f68a103b7249dfb8516b8a28dce87f62,a46c01d4fdda860feb330e4af867ce73a003880c6a73745e16d9e466d6e8b009,3159000,3157200,2026-09-17T15:31:01.253215+00:00,2026-09-17T18:20:28.087029+00:00,,
108,reward_jon_p95_peak875_hdisceff,13,completed,8e7fdcf7f68a103b7249dfb8516b8a28dce87f62,a46c01d4fdda860feb330e4af867ce73a003880c6a73745e16d9e466d6e8b009,3159000,3157200,2026-09-17T15:31:01.212917+00:00,2026-09-17T18:19:37.013627+00:00,,
109,reward_jon_p95_plateau90_96_hsoft,13,completed,8e7fdcf7f68a103b7249dfb8516b8a28dce87f62,a46c01d4fdda860feb330e4af867ce73a003880c6a73745e16d9e466d6e8b009,3159000,3157200,2026-09-17T15:31:01.262265+00:00,2026-09-17T18:19:22.313577+00:00,,
110,reward_jon_p95_plateau90_96_heff,13,completed,8e7fdcf7f68a103b7249dfb8516b8a28dce87f62,a46c01d4fdda860feb330e4af867ce73a003880c6a73745e16d9e466d6e8b009,3159000,3157200,2026-09-17T15:31:01.229536+00:00,2026-09-17T18:24:05.153137+00:00,,
111,reward_jon_p95_oishift875to90_heff_niip275,13,completed,8e7fdcf7f68a103b7249dfb8516b8a28dce87f62,a46c01d4fdda860feb330e4af867ce73a003880c6a73745e16d9e466d6e8b009,3159000,3157200,2026-09-17T15:31:01.241994+00:00,2026-09-17T18:19:42.278048+00:00,,
112,reward_jon_p95_oishift875to90_hsoft,14,completed,8e7fdcf7f68a103b7249dfb8516b8a28dce87f62,a46c01d4fdda860feb330e4af867ce73a003880c6a73745e16d9e466d6e8b009,3159000,3157200,2026-09-17T15:30:56.892997+00:00,2026-09-17T18:09:50.195213+00:00,,
113,reward_jon_p95_oishift875to90_heff,14,completed,8e7fdcf7f68a103b7249dfb8516b8a28dce87f62,a46c01d4fdda860feb330e4af867ce73a003880c6a73745e16d9e466d6e8b009,3159000,3157200,2026-09-17T15:30:56.703676+00:00,2026-09-17T18:18:41.714947+00:00,,
114,reward_jon_p95_oishift875to90_hdisceff,14,completed,8e7fdcf7f68a103b7249dfb8516b8a28dce87f62,a46c01d4fdda860feb330e4af867ce73a003880c6a73745e16d9e466d6e8b009,3159000,3157200,2026-09-17T15:30:56.697525+00:00,2026-09-17T18:26:57.940920+00:00,,
115,reward_jon_p95_peak875_heff,14,completed,8e7fdcf7f68a103b7249dfb8516b8a28dce87f62,a46c01d4fdda860feb330e4af867ce73a003880c6a73745e16d9e466d6e8b009,3159000,3157200,2026-09-17T15:30:56.706246+00:00,2026-09-17T18:15:06.830896+00:00,,
116,reward_jon_p95_peak875_hdisceff,14,completed,8e7fdcf7f68a103b7249dfb8516b8a28dce87f62,a46c01d4fdda860feb330e4af867ce73a003880c6a73745e16d9e466d6e8b009,3159000,3157200,2026-09-17T15:30:56.704978+00:00,2026-09-17T18:18:27.085566+00:00,,
117,reward_jon_p95_plateau90_96_hsoft,14,completed,8e7fdcf7f68a103b7249dfb8516b8a28dce87f62,a46c01d4fdda860feb330e4af867ce73a003880c6a73745e16d9e466d6e8b009,3159000,3157200,2026-09-17T15:30:56.707249+00:00,2026-09-17T18:19:27.633833+00:00,,
118,reward_jon_p95_plateau90_96_heff,14,completed,8e7fdcf7f68a103b7249dfb8516b8a28dce87f62,a46c01d4fdda860feb330e4af867ce73a003880c6a73745e16d9e466d6e8b009,3159000,3157200,2026-09-17T15:30:56.705171+00:00,2026-09-17T18:16:03.932331+00:00,,
119,reward_jon_p95_oishift875to90_heff_niip275,14,completed,8e7fdcf7f68a103b7249dfb8516b8a28dce87f62,a46c01d4fdda860feb330e4af867ce73a003880c6a73745e16d9e466d6e8b009,3159000,3157200,2026-09-17T15:30:56.711014+00:00,2026-09-17T18:21:44.945653+00:00,,
120,reward_jon_p95_oishift875to90_hsoft,15,completed,8e7fdcf7f68a103b7249dfb8516b8a28dce87f62,a46c01d4fdda860feb330e4af867ce73a003880c6a73745e16d9e466d6e8b009,3159000,3157200,2026-09-17T15:30:56.689889+00:00,2026-09-17T18:14:21.125835+00:00,,
121,reward_jon_p95_oishift875to90_heff,15,completed,8e7fdcf7f68a103b7249dfb8516b8a28dce87f62,a46c01d4fdda860feb330e4af867ce73a003880c6a73745e16d9e466d6e8b009,3159000,3157200,2026-09-17T15:30:56.718086+00:00,2026-09-17T18:21:48.682684+00:00,,
122,reward_jon_p95_oishift875to90_hdisceff,15,completed,8e7fdcf7f68a103b7249dfb8516b8a28dce87f62,a46c01d4fdda860feb330e4af867ce73a003880c6a73745e16d9e466d6e8b009,3159000,3157200,2026-09-17T15:30:56.656066+00:00,2026-09-17T18:19:53.807965+00:00,,
123,reward_jon_p95_peak875_heff,15,completed,8e7fdcf7f68a103b7249dfb8516b8a28dce87f62,a46c01d4fdda860feb330e4af867ce73a003880c6a73745e16d9e466d6e8b009,3159000,3157200,2026-09-17T15:30:56.698541+00:00,2026-09-17T18:20:01.775418+00:00,,
124,reward_jon_p95_peak875_hdisceff,15,completed,8e7fdcf7f68a103b7249dfb8516b8a28dce87f62,a46c01d4fdda860feb330e4af867ce73a003880c6a73745e16d9e466d6e8b009,3159000,3157200,2026-09-17T15:30:56.659803+00:00,2026-09-17T18:22:53.324741+00:00,,
125,reward_jon_p95_plateau90_96_hsoft,15,completed,8e7fdcf7f68a103b7249dfb8516b8a28dce87f62,a46c01d4fdda860feb330e4af867ce73a003880c6a73745e16d9e466d6e8b009,3159000,3157200,2026-09-17T15:30:56.805088+00:00,2026-09-17T18:20:16.444777+00:00,,
126,reward_jon_p95_plateau90_96_heff,15,completed,8e7fdcf7f68a103b7249dfb8516b8a28dce87f62,a46c01d4fdda860feb330e4af867ce73a003880c6a73745e16d9e466d6e8b009,3159000,3157200,2026-09-17T15:30:56.689175+00:00,2026-09-17T18:17:15.395928+00:00,,
127,reward_jon_p95_oishift875to90_heff_niip275,15,completed,8e7fdcf7f68a103b7249dfb8516b8a28dce87f62,a46c01d4fdda860feb330e4af867ce73a003880c6a73745e16d9e466d6e8b009,3159000,3157200,2026-09-17T15:30:56.668981+00:00,2026-09-17T18:22:42.157449+00:00,,
