dam_safety_frac_days_within_storage_bounds,esa_min_flow_frac_days_met,flooding_frac_days_met,spr_curve_mean_abs_error_cfs,spr_curve_frac_days_within_500cfs,spr_freq_years_meeting_10000cfs_5d,spr_freq_years_meeting_8000cfs_10d,spr_freq_years_meeting_5000cfs_21d,spr_freq_years_meeting_2500cfs_10d,hydropower_frac_of_max_possible,storage_frac_of_max_possible,niip_frac_days_demand_met_in_window,niip_annual_volume_frac_of_contract,niip_mean_abs_daily_error_cfs,controlled_sj_waste_af,controlled_sj_waste_frac_of_sj,controlled_sj_unattributed_af,controlled_sj_unattributed_frac_of_sj,policy_dam_safety_score,policy_esa_score,policy_spr_score,policy_niip_contract_score,policy_niip_behavior_score,policy_niip_score,policy_storage_score,policy_hydropower_score,policy_flooding_score,policy_efficiency_score,policy_objective_alignment_score,policy_experiment_diagnostic_score,policy_overall_score,policy_viability_score,spill_days,spill_frac_days,total_spill_af,scenario,inflow_scale,inflow_change_pct
0.30422462648119525,0.5515198351365276,0.9783616692426584,2184.012779586432,0.15151515151515152,0.18181818181818182,0.36363636363636365,0.5454545454545454,0.9090909090909091,0.07787597810671294,0.10288851137105799,0.6704592848944886,0.7112410550706726,239.8949002353857,724621.3119312979,0.26034034246469934,724621.3119312979,0.26034034246469934,1.0,0.5515198351365276,0.7936363636363638,0.7112410550706726,0.6969674355090082,0.6969674355090082,0.12104530749536235,0.22250279459060843,0.9783616692426584,0.6528795433804009,0.7670709979921484,0.6805724807975795,0.7670709979921484,0.6805724807975795,0.0,0.0,0.0,inflow_scale_0.5x,0.5,-50.0
0.5103039670273055,0.678516228748068,0.9781040700669758,2155.838267917451,0.15151515151515152,0.18181818181818182,0.45454545454545453,0.5454545454545454,1.0,0.10313429188590242,0.18650924893446214,0.8144711049238118,0.9365800140302443,165.82838594031773,504808.7366663983,0.16822159057071193,504808.7366663983,0.16822159057071193,1.0,0.678516228748068,0.6118181818181819,0.9365800140302443,0.893841895842993,0.893841895842993,0.2194226458052496,0.29466940538829267,0.9781040700669758,0.7757045459057175,0.8037256551685024,0.722416199635137,0.8037256551685024,0.722416199635137,0.0,0.0,0.0,inflow_scale_0.6x,0.6,-40.0
0.7478104070066975,0.8534260690365791,0.9809376609994848,2078.188608672592,0.16666666666666666,0.18181818181818182,0.36363636363636365,0.45454545454545453,1.0,0.1596645656853207,0.33835574444899397,0.8921587881267357,1.0480652702375064,107.6008215741147,530676.5636823938,0.15409563871443666,530676.5636823938,0.15409563871443666,1.0,0.8534260690365791,0.7027272727272728,1.0,0.9622555758443575,0.9622555758443575,0.3980655817046988,0.4561844733866306,0.9809376609994848,0.7945391483807511,0.8764122727356649,0.8153444484114176,0.8764122727356649,0.8153444484114176,0.0,0.0,0.0,inflow_scale_0.7x,0.7,-30.000000000000004
1.0,1.0,0.9781040700669758,2109.9557786337805,0.16477272727272727,0.18181818181818182,0.36363636363636365,0.5454545454545454,1.0,0.22595233711791282,0.5359483328730631,0.9693608671645353,1.1382945950941037,60.662502939919655,492014.0838687724,0.1300872173888957,492014.0838687724,0.1300872173888957,1.0,1.0,0.7027272727272729,1.0,0.9892763035075873,0.9892763035075873,0.6305274504388978,0.6455781060511795,0.9781040700669758,0.8265503768148057,0.9172761632088617,0.8826375690967696,0.9172761632088617,0.8826375690967696,0.0,0.0,0.0,inflow_scale_0.8x,0.8,-19.999999999999996
1.0,1.0,0.9773312725399279,2115.0100554229334,0.14583333333333334,0.18181818181818182,0.36363636363636365,0.5454545454545454,1.0,0.25651043774029864,0.6677470065716553,0.983389859379817,1.0649431142073655,32.62664371973535,664145.5037658006,0.16899683739881324,664145.5037658006,0.16899683739881324,1.0,1.0,0.7027272727272729,1.0,0.994186450782936,0.994186450782936,0.7855847136137122,0.7328869649722819,0.9773312725399279,0.774670883468249,0.9237663678134158,0.9034521279390234,0.9237663678134158,0.9034521279390234,0.0,0.0,0.0,inflow_scale_0.9x,0.9,-9.999999999999998
1.0,1.0,0.9778464708912932,2042.6023788937187,0.16666666666666666,0.18181818181818182,0.36363636363636365,0.5454545454545454,1.0,0.30369730638142434,0.7198171095386058,0.9839642616515096,1.055795140017504,30.219458134731298,1209435.5140004756,0.2712655531053643,1209435.5140004756,0.2712655531053643,1.0,1.0,0.7027272727272729,1.0,0.9943874915780284,0.9943874915780284,0.8468436582807127,0.8677065896612124,0.9778464708912932,0.6383125958595142,0.933916479541438,0.9163849717167568,0.933916479541438,0.9163849717167568,0.0,0.0,0.0,inflow_scale_1.0x,1.0,0.0
0.9860896445131375,1.0,0.9711488923235445,2080.7566192039108,0.17424242424242425,0.18181818181818182,0.36363636363636365,0.5454545454545454,1.0,0.3479129364043429,0.748073516720194,0.9829381832054864,1.0579510070154556,31.226794964059085,1864770.8565591404,0.36115610219892924,1864770.8565591404,0.36115610219892924,1.0,1.0,0.7027272727272729,1.0,0.9940283641219203,0.9940283641219203,0.8800864902590517,0.9940369611552655,0.9711488923235445,0.5184585304014278,0.9428889390109109,0.9256190690696843,0.9428889390109109,0.9256190690696843,0.0,0.0,0.0,inflow_scale_1.1x,1.1,10.000000000000009
0.9636785162287481,1.0,0.9654817104585265,2113.905153476605,0.1590909090909091,0.18181818181818182,0.36363636363636365,0.5454545454545454,1.0,0.37923473651594014,0.7714462053810404,0.9705257340583754,1.0809290598869699,41.07789206824908,2348748.0378809865,0.41057334266762574,2348748.0378809865,0.41057334266762574,0.6734238035630337,1.0,0.7027272727272729,1.0,0.9896840069204313,0.9896840069204313,0.9075837710365181,1.0,0.9654817104585265,0.4525688764431657,0.8449382693532995,0.8621994792687259,0.8449382693532995,0.8621994792687259,32.0,0.00824317362184441,121237.24863491487,inflow_scale_1.2x,1.2,19.999999999999996
0.952344152498712,1.0,0.9631633178773827,2076.622410049154,0.17992424242424243,0.18181818181818182,0.45454545454545453,0.45454545454545453,1.0,0.40945609581252085,0.7945069340550401,0.9586857492127039,1.1045329773788266,51.190264101086974,2828965.392094205,0.45679782686897635,2828965.392094205,0.45679782686897635,0.4331962109461058,1.0,0.6118181818181818,1.0,0.9855400122244464,0.9855400122244464,0.9347140400647531,1.0,0.9631633178773827,0.39093623084136486,0.7560294454579688,0.7977404508980914,0.7560294454579688,0.7977404508980914,72.0,0.01854714064914992,327105.6941010563,inflow_scale_1.3x,1.3,30.000000000000004
0.9358578052550232,1.0,0.9587841318907779,2073.548074299752,0.18181818181818182,0.18181818181818182,0.45454545454545453,0.45454545454545453,1.0,0.4410928154122183,0.8084329840374616,0.9521571579146039,1.1232260751722343,58.885362359038886,3259770.405742841,0.4872027309757896,3259770.405742841,0.4872027309757896,0.32466140221910683,1.0,0.6118181818181818,1.0,0.9832550052701113,0.9832550052701113,0.9510976282793666,1.0,0.9587841318907779,0.35039635869894725,0.7231405638908738,0.7769958872839556,0.7231405638908738,0.7769958872839556,95.0,0.024471921689850594,520033.01991309854,inflow_scale_1.4x,1.4,39.99999999999999
0.9250386398763524,1.0,0.9559505409582689,2081.6723787381943,0.17613636363636365,0.18181818181818182,0.45454545454545453,0.45454545454545453,1.0,0.4694349449898873,0.8195688038465966,0.9454207654553287,1.1442472032599391,67.30259097884522,3672824.511537807,0.5123981558489067,3672824.511537807,0.5123981558489067,0.25503378659929204,1.0,0.6118181818181818,1.0,0.980897267909365,0.980897267909365,0.9641985927607019,1.0,0.9559505409582689,0.3168024588681244,0.7020397598849911,0.7637672335893514,0.7020397598849911,0.7637672335893514,120.0,0.030911901081916538,730262.2755737023,inflow_scale_1.5x,1.5,50.0
0.9144770736733643,1.0,0.9518289541473467,2067.2356411709325,0.18371212121212122,0.18181818181818182,0.36363636363636365,0.45454545454545453,1.0,0.4947248127366363,0.8283490036404398,0.9365699189430621,1.1724710454324778,77.96635416361579,4078305.3884386173,0.5379052775331745,4078305.3884386173,0.5379052775331745,0.20188617548547905,1.0,0.7027272727272728,1.0,0.9777994716300717,0.9777994716300717,0.9745282395769881,1.0,0.9518289541473467,0.28279296328910064,0.7024530242066948,0.771526855633631,0.7024530242066948,0.771526855633631,151.0,0.03889747552807831,988321.5413280323,inflow_scale_1.6x,1.6,60.00000000000001
0.9077794951056156,1.0,0.9474497681607419,2034.9180922891303,0.18181818181818182,0.18181818181818182,0.36363636363636365,0.45454545454545453,1.0,0.5182417605692318,0.8346758078034028,0.9301000499366311,1.1943086992349947,86.58371446957568,4451030.912315439,0.556758457094653,4451030.912315439,0.556758457094653,0.07779495105615664,1.0,0.7027272727272728,1.0,0.9755350174778209,0.9755350174778209,0.9819715385922386,1.0,0.9474497681607419,0.2576553905404627,0.6648972179289027,0.7467810905195111,0.6648972179289027,0.7467810905195111,179.0,0.04611025244719217,1258715.9872373359,inflow_scale_1.7x,1.7,70.0
0.9015971148892323,1.0,0.9433281813498197,2030.7032754789623,0.18181818181818182,0.18181818181818182,0.36363636363636365,0.45454545454545453,1.0,0.5401191644320704,0.8405507587514086,0.925654817649345,1.2127821495637745,93.91505220780485,4814601.218225883,0.5730219931807917,4814601.218225883,0.5730219931807917,0.0,1.0,0.7027272727272728,1.0,0.9739791861772708,0.9739791861772708,0.9888832455898925,1.0,0.9433281813498197,0.23597067575894437,0.6412496136012364,0.731396025407389,0.6412496136012364,0.731396025407389,202.0,0.05203503348789284,1539639.233947492,inflow_scale_1.8x,1.8,80.0
0.895414734672849,1.0,0.9358578052550232,2036.4586660366767,0.16856060606060605,0.18181818181818182,0.36363636363636365,0.45454545454545453,1.0,0.5597818909800668,0.8462943286969874,0.9215107664935117,1.2315600586345716,101.33211695123643,5180501.552552314,0.5894688819695754,5180501.552552314,0.5894688819695754,0.0,1.0,0.7027272727272728,1.0,0.972528768272729,0.972528768272729,0.9956403867023381,1.0,0.9358578052550232,0.21404149070723288,0.6406893353941268,0.7314081371329852,0.6406893353941268,0.7314081371329852,230.0,0.0592478104070067,1839654.4382286824,inflow_scale_1.9x,1.9,89.99999999999999
0.890520350334879,1.0,0.9296754250386399,2036.2300322386952,0.16856060606060605,0.18181818181818182,0.36363636363636365,0.45454545454545453,1.0,0.5763544304026662,0.8518209020054968,0.9178069087228139,1.2495771419268438,108.30225117923567,5517895.5381323695,0.6018826076873287,5517895.5381323695,0.6018826076873287,0.0,1.0,0.7027272727272728,1.0,0.9712324180529849,0.9712324180529849,1.0,1.0,0.9296754250386399,0.1974898564168951,0.640225656877898,0.7312757094079836,0.640225656877898,0.7312757094079836,255.0,0.06568778979907264,2146960.3794432543,inflow_scale_2.0x,2.0,100.0
0.8858835651725915,1.0,0.9255538382277176,2034.9062533978408,0.16477272727272727,0.18181818181818182,0.36363636363636365,0.45454545454545453,1.0,0.5918074179338517,0.8568134959883057,0.9143063611329562,1.2660678410877264,114.5776811509833,5866009.155747272,0.6147834079395599,5866009.155747272,0.6147834079395599,0.0,1.0,0.7027272727272728,1.0,0.9700072263965347,0.9700072263965347,1.0,1.0,0.9255538382277176,0.18028878941392013,0.6399165378670788,0.7308245917361474,0.6399165378670788,0.7308245917361474,272.0,0.07006697578567748,2462032.87553175,inflow_scale_2.1x,2.1,110.00000000000001
0.8686244204018547,1.0,0.9245234415249871,2034.2465573552656,0.17045454545454544,0.18181818181818182,0.36363636363636365,0.45454545454545453,1.0,0.606368724881923,0.8614009572066373,0.9113412495506011,1.2810760901904983,120.3475839962299,6212520.514791433,0.6265168340176286,6212520.514791433,0.6265168340176286,0.0,1.0,0.7027272727272728,1.0,0.9689694373427105,0.9689694373427105,1.0,1.0,0.9245234415249871,0.1646442213098286,0.639839258114374,0.730565514090246,0.639839258114374,0.730565514090246,283.0,0.0729005667181865,2778127.5086354394,inflow_scale_2.2x,2.2,120.00000000000001
0.8575476558475013,0.9997424008243173,0.9201442555383823,2027.7790491493286,0.16477272727272727,0.18181818181818182,0.36363636363636365,0.45454545454545453,1.0,0.6200591802156864,0.8659501975202691,0.9087725442211962,1.2960765771361458,126.16681953806231,6565427.484552829,0.6386632211586244,6565427.484552829,0.6386632211586244,0.0,0.9997424008243173,0.7027272727272728,1.0,0.9680703904774186,0.9680703904774186,1.0,1.0,0.9201442555383823,0.14844903845516744,0.6394635926498369,0.7301152255827209,0.6394635926498369,0.7301152255827209,300.0,0.07727975270479134,3103416.0247746645,inflow_scale_2.3x,2.3,129.99999999999997
0.8415765069551777,1.0,0.9155074703760948,2021.4533080317906,0.18371212121212122,0.18181818181818182,0.36363636363636365,0.45454545454545453,1.0,0.6323751677824028,0.8702471941395831,0.9027799678113532,1.3181003385188779,134.53296506679237,6876658.282861079,0.6466775978435246,6876658.282861079,0.6466775978435246,0.0,1.0,0.7027272727272728,1.0,0.9659729887339736,0.9659729887339736,1.0,1.0,0.9155074703760948,0.13776320287530053,0.6391630602782071,0.7295154258110541,0.6391630602782071,0.7295154258110541,321.0,0.08268933539412673,3438689.585101424,inflow_scale_2.4x,2.4,140.0
0.8274085522926327,1.0,0.9090674909840288,2018.982485834622,0.20265151515151514,0.18181818181818182,0.36363636363636365,0.5454545454545454,1.0,0.6430778683977513,0.8738452110384578,0.8970153259743422,1.3394627823587937,142.9890831550694,7114392.019416739,0.6492412744475728,7114392.019416739,0.6492412744475728,0.0,1.0,0.7027272727272729,1.0,0.9639553640910198,0.9639553640910198,1.0,1.0,0.9090674909840288,0.1343449674032362,0.6386800618238022,0.72878990191286,0.6386800618238022,0.72878990191286,350.0,0.09015971148892324,3805330.768546259,inflow_scale_2.5x,2.5,150.0
