mode,inflow_scale,inflow_change_pct,n_days,spill_days,spill_frac_days,spill_free_days,total_spill_af,niip_release_af,spr_release_af,esa_release_af,discretionary_sj_release_af,other_sj_release_af,controlled_sj_release_af,ending_storage_af,mean_storage_af,storage_frac_of_max_possible,esa_min_flow_frac_days_met,flooding_frac_days_met,policy_spr_score,hydropower_frac_of_max_possible,niip_annual_volume_frac_of_contract,action_0_label,action_0_mean,action_1_label,action_1_mean,action_2_label,action_2_mean,action_3_label,action_3_mean
adaptive,0.5,-50,3882,0,0,1,0,2519059.547,360714.0496,1063448.937,403994.0963,0,1828157.083,338.3305785,387763.3017,0.2353023793,0.7431736218,1,0.05,0.0849784164,1.12956936,ESA/baseflow,0.8533232439,NIIP delivery,-0.6960905271,SPR target,-0.5277377909,Discretionary release,-1
replay,0.5,-50,3882,0,0,1,0,1496558.175,1058802.206,642589.594,1151522.366,4.656612873e-10,2852914.166,338.3305785,203646.9482,0.1235769637,0.5363214838,0.999742268,0.5336363636,0.09396168985,0.7087600575,ESA/baseflow,0.833805631,NIIP delivery,-0.7626850412,SPR target,-0.1734316051,Discretionary release,-0.8773411346
adaptive,0.6,-40,3882,0,0,1,0,2714685.68,501322.314,1322271.542,541317.9265,-4.656612873e-10,2364911.783,7556.183606,572389.4809,0.3473371672,0.8691396188,0.999742268,0.06090909091,0.12056563,1.191967637,ESA/baseflow,0.8432748344,NIIP delivery,-0.7077673356,SPR target,-0.4759291247,Discretionary release,-1
replay,0.6,-40,3882,0,0,1,0,1765117.009,1069528.758,818607.8261,1435563.508,0,3323700.092,426.3966942,260602.8277,0.1581389088,0.623132406,0.999742268,0.5336363636,0.1232612225,0.8288484593,ESA/baseflow,0.833805631,NIIP delivery,-0.7626850412,SPR target,-0.1734316051,Discretionary release,-0.8773411346
adaptive,0.7,-30,3882,0,0,1,0,2645447.482,716271.0744,1430144.109,634402.5941,0,2780817.777,400824.0571,847087.1145,0.5140290807,0.9389489954,0.999742268,0.2427272727,0.164963926,1.169969897,ESA/baseflow,0.8268667597,NIIP delivery,-0.7251424133,SPR target,-0.3798554365,Discretionary release,-0.9955954249
replay,0.7,-30,3882,0,0,1,0,2060235.771,1071034.711,1059875.811,1636039.279,-4.656612873e-10,3766949.801,514.4628099,344514.1723,0.209057959,0.733127254,0.999742268,0.5336363636,0.1559788732,0.9536827771,ESA/baseflow,0.833805631,NIIP delivery,-0.7626850412,SPR target,-0.1734316051,Discretionary release,-0.8773411346
adaptive,0.8,-20,3882,0,0,1,0,2396227.258,936277.686,1432094.642,876120.4497,4.656612873e-10,3244492.778,926304.9497,1053409.353,0.6392294633,0.947192169,0.999742268,0.3290909091,0.2049616734,1.093064859,ESA/baseflow,0.8358474514,NIIP delivery,-0.7510359797,SPR target,-0.279784512,Discretionary release,-0.9663879982
replay,0.8,-20,3882,0,0,1,0,2268302.33,1071034.711,1359286.939,1846284.086,0,4276605.736,22225.57222,501099.2187,0.3040768373,0.9100978877,0.999742268,0.5336363636,0.2069536461,1.039569076,ESA/baseflow,0.833805631,NIIP delivery,-0.7626850412,SPR target,-0.1734316051,Discretionary release,-0.8773411346
adaptive,0.9,-10,3882,0,0,1,0,2318783.808,1012780.165,1433954.827,1296959.916,-4.656612873e-10,3743694.909,1244481.938,1158745.107,0.703149265,0.9577537352,0.999742268,0.5336363636,0.2468184001,1.061709582,ESA/baseflow,0.8369880252,NIIP delivery,-0.759082225,SPR target,-0.2193104157,Discretionary release,-0.9301280802
replay,0.9,-10,3882,0,0,1,0,2284107.446,1071034.711,1436895.913,1917473.582,-9.313225746e-10,4425404.205,597449.0032,843403.1593,0.5117935844,0.9672849047,0.999742268,0.5336363636,0.268947236,1.046757026,ESA/baseflow,0.833805631,NIIP delivery,-0.7626850412,SPR target,-0.1734316051,Discretionary release,-0.8773411346
adaptive,1,0,3882,0,0,1,0,2284107.446,1071034.711,1436895.913,1917473.582,-9.313225746e-10,4425404.205,1337384.673,1223675.506,0.7425503054,0.9672849047,0.999742268,0.5336363636,0.3025808277,1.046757026,ESA/baseflow,0.833805631,NIIP delivery,-0.7626850412,SPR target,-0.1734316051,Discretionary release,-0.8773411346
replay,1,0,3882,0,0,1,0,2284107.446,1071034.711,1436895.913,1917473.582,-9.313225746e-10,4425404.205,1337384.673,1223675.506,0.7425503054,0.9672849047,0.999742268,0.5336363636,0.3025808277,1.046757026,ESA/baseflow,0.833805631,NIIP delivery,-0.7626850412,SPR target,-0.1734316051,Discretionary release,-0.8773411346
adaptive,1.1,10,3882,35,0.009015971149,0.9909840289,100084.9902,2271675.877,1087973.554,1438612.5,2518527.306,0,5045113.36,1369957.767,1273897.523,0.7730260106,0.9716640907,0.9984536082,0.6245454545,0.34716915,1.041559392,ESA/baseflow,0.8255508171,NIIP delivery,-0.7639766608,SPR target,-0.1371476825,Discretionary release,-0.8342687492
replay,1.1,10,3882,148,0.038124678,0.961875322,574218.9897,2284107.446,1071034.711,1436895.913,1917473.582,-9.313225746e-10,4425404.205,1503101.352,1348196.458,0.8181120619,0.9672849047,0.9907216495,0.5336363636,0.3109216093,1.046757026,ESA/baseflow,0.833805631,NIIP delivery,-0.7626850412,SPR target,-0.1734316051,Discretionary release,-0.8773411346
adaptive,1.2,20,3882,87,0.02241112828,0.9775888717,372720.9581,2267513.482,1129051.24,1440185.671,2922048.17,0,5491285.08,1395248.143,1310172.264,0.7950382351,0.9783616692,0.9912371134,0.5336363636,0.3818884508,1.04057928,ESA/baseflow,0.8166379776,NIIP delivery,-0.7644091265,SPR target,-0.109108854,Discretionary release,-0.8001851417
replay,1.2,20,3882,255,0.0656877898,0.9343122102,1258320.462,2284107.446,1071034.711,1436895.913,1917473.582,-9.313225746e-10,4425404.205,1558935.549,1407185.405,0.8539077125,0.9672849047,0.981185567,0.5336363636,0.3140135208,1.046757026,ESA/baseflow,0.833805631,NIIP delivery,-0.7626850412,SPR target,-0.1734316051,Discretionary release,-0.8773411346
adaptive,1.3,30,3882,116,0.02988150438,0.9701184956,625341.6964,2264352.59,1146089.256,1442442.013,3370917.763,9.313225746e-10,5959449.032,1417560.014,1337465.211,0.8116001309,0.9842864503,0.9853092784,0.5336363636,0.4156974592,1.039732846,ESA/baseflow,0.8106304847,NIIP delivery,-0.764737538,SPR target,-0.0910400083,Discretionary release,-0.763931772
replay,1.3,30,3882,392,0.1009788769,0.8990211231,1946690.424,2284107.446,1071034.711,1436895.913,1917473.582,-9.313225746e-10,4425404.205,1610501.257,1454905.879,0.8828654319,0.9672849047,0.9706185567,0.5336363636,0.3162916042,1.046757026,ESA/baseflow,0.833805631,NIIP delivery,-0.7626850412,SPR target,-0.1734316051,Discretionary release,-0.8773411346
adaptive,1.4,40,3882,141,0.03632148377,0.9636785162,880375.9375,2265652.28,1193389.091,1443033.993,3787208.847,9.313225746e-10,6423631.93,1436978.854,1357808.449,0.8239448066,0.986862442,0.981443299,0.5881818182,0.4478916214,1.040826571,ESA/baseflow,0.8047049542,NIIP delivery,-0.7646025021,SPR target,-0.08153508435,Discretionary release,-0.7320210531
replay,1.4,40,3882,565,0.1455435343,0.8544564657,2681844.292,2284107.446,1071034.711,1436895.913,1917473.582,-9.313225746e-10,4425404.205,1615283.058,1493136.065,0.9060642589,0.9672849047,0.9610824742,0.5336363636,0.3180324431,1.046757026,ESA/baseflow,0.833805631,NIIP delivery,-0.7626850412,SPR target,-0.1734316051,Discretionary release,-0.8773411346
adaptive,1.5,50,3882,183,0.04714064915,0.9528593509,1209930.284,2270275.041,1227576.198,1443709.483,4141349.201,0,6812634.882,1453734.465,1374569.863,0.8341159614,0.9884080371,0.9737113402,0.4972727273,0.4771795914,1.043619384,ESA/baseflow,0.7974940853,NIIP delivery,-0.7641222052,SPR target,-0.07400418962,Discretionary release,-0.7062868658
replay,1.5,50,3882,726,0.1870170015,0.8129829985,3417135.862,2284107.446,1071034.711,1436895.913,1917473.582,-9.313225746e-10,4425404.205,1619927.157,1520514.896,0.9226782707,0.9672849047,0.9523195876,0.5336363636,0.3192987166,1.046757026,ESA/baseflow,0.833805631,NIIP delivery,-0.7626850412,SPR target,-0.1734316051,Discretionary release,-0.8773411346
